Custody/AOR/Facility,03/26/20:Detainee deaths,03/26/20:Total confirmed COVID-19 cases,03/26/20:Staff Confirmed Cases,03/27/20:Detainee deaths,03/27/20:Total confirmed COVID-19 cases,03/27/20:Staff Confirmed Cases,03/30/20:Detainee deaths,03/30/20:Total confirmed COVID-19 cases,03/30/20:Staff Confirmed Cases,04/01/20:Detainee deaths,04/01/20:Total confirmed COVID-19 cases,04/01/20:Staff Confirmed Cases,04/03/20:Detainee deaths,04/03/20:Total confirmed COVID-19 cases,04/03/20:Staff Confirmed Cases,04/04/20:Detainee deaths,04/04/20:Total confirmed COVID-19 cases,04/04/20:Staff Confirmed Cases,04/07/20:Detainee deaths,04/07/20:Total confirmed COVID-19 cases,04/07/20:Staff Confirmed Cases,04/08/20:Detainee deaths,04/08/20:Total confirmed COVID-19 cases,04/08/20:Staff Confirmed Cases,04/09/20:Detainee deaths,04/09/20:Total confirmed COVID-19 cases,04/09/20:Staff Confirmed Cases,04/10/20:Detainee deaths,04/10/20:Total confirmed COVID-19 cases,04/10/20:Staff Confirmed Cases,04/13/20:Detainee deaths,04/13/20:Total confirmed COVID-19 cases,04/13/20:Staff Confirmed Cases,04/14/20:Detainee deaths,04/14/20:Total confirmed COVID-19 cases,04/14/20:Staff Confirmed Cases,04/15/20:Detainee deaths,04/15/20:Total confirmed COVID-19 cases,04/15/20:Staff Confirmed Cases,04/16/20:Detainee deaths,04/16/20:Total confirmed COVID-19 cases,04/16/20:Staff Confirmed Cases,04/17/20:Detainee deaths,04/17/20:Total confirmed COVID-19 cases,04/17/20:Staff Confirmed Cases,04/20/20:Detainee deaths,04/20/20:Total confirmed COVID-19 cases,04/20/20:Staff Confirmed Cases,04/21/20:Detainee deaths,04/21/20:Total confirmed COVID-19 cases,04/21/20:Staff Confirmed Cases,04/22/20:Detainee deaths,04/22/20:Total confirmed COVID-19 cases,04/22/20:Staff Confirmed Cases,04/24/20:Detainee deaths,04/24/20:Total confirmed COVID-19 cases,04/24/20:Staff Confirmed Cases,04/27/20:Detainee deaths,04/27/20:Total confirmed COVID-19 cases,04/27/20:Staff Confirmed Cases,04/28/20:Detainee deaths,04/28/20:Total confirmed COVID-19 cases,04/28/20:Staff Confirmed Cases,04/29/20:Detainee deaths,04/29/20:Total confirmed COVID-19 cases,04/29/20:Staff Confirmed Cases,04/30/20:Detainee deaths,04/30/20:Total confirmed COVID-19 cases,04/30/20:Staff Confirmed Cases,05/01/20:Detainee deaths,05/01/20:Total confirmed COVID-19 cases,05/01/20:Staff Confirmed Cases,05/04/20:Detainee deaths,05/04/20:Total confirmed COVID-19 cases,05/04/20:Staff Confirmed Cases,05/05/20:Detainee deaths,05/05/20:Total confirmed COVID-19 cases,05/05/20:Staff Confirmed Cases,05/06/20:Detainee deaths,05/06/20:Total confirmed COVID-19 cases,05/06/20:Staff Confirmed Cases,05/07/20:Detainee deaths,05/07/20:Total confirmed COVID-19 cases,05/07/20:Staff Confirmed Cases,05/08/20:Detainee deaths,05/08/20:Total confirmed COVID-19 cases,05/08/20:Staff Confirmed Cases,05/11/20:Detainee deaths,05/11/20:Total confirmed COVID-19 cases,05/11/20:Staff Confirmed Cases,05/13/20:Detainee deaths,05/13/20:Total confirmed COVID-19 cases,05/13/20:Staff Confirmed Cases,05/14/20:Detainee deaths,05/14/20:Total confirmed COVID-19 cases,05/14/20:Staff Confirmed Cases,05/15/20:Detainee deaths,05/15/20:Total confirmed COVID-19 cases,05/15/20:Staff Confirmed Cases,05/18/20:Detainee deaths,05/18/20:Total confirmed COVID-19 cases,05/18/20:Staff Confirmed Cases,05/19/20:Detainee deaths,05/19/20:Total confirmed COVID-19 cases,05/19/20:Staff Confirmed Cases,05/20/20:Detainee deaths,05/20/20:Total confirmed COVID-19 cases,05/20/20:Staff Confirmed Cases,05/21/20:Detainee deaths,05/21/20:Total confirmed COVID-19 cases,05/21/20:Staff Confirmed Cases,05/22/20:Detainee deaths,05/22/20:Total confirmed COVID-19 cases,05/22/20:Staff Confirmed Cases,05/26/20:Detainee deaths,05/26/20:Total confirmed COVID-19 cases,05/26/20:Staff Confirmed Cases,05/27/20:Detainee deaths,05/27/20:Total confirmed COVID-19 cases,05/27/20:Staff Confirmed Cases,05/28/20:Detainee deaths,05/28/20:Total confirmed COVID-19 cases,05/28/20:Staff Confirmed Cases,05/29/20:Detainee deaths,05/29/20:Total confirmed COVID-19 cases,05/29/20:Staff Confirmed Cases,06/01/20:Confirmed cases currently under isolation or monitoring,06/01/20:Detainee deaths,06/01/20:Total confirmed COVID-19 cases,06/01/20:Staff Confirmed Cases,06/03/20:Confirmed cases currently under isolation or monitoring,06/03/20:Detainee deaths,06/03/20:Total confirmed COVID-19 cases,06/03/20:Staff Confirmed Cases,06/04/20:Confirmed cases currently under isolation or monitoring,06/04/20:Detainee deaths,06/04/20:Total confirmed COVID-19 cases,06/04/20:Staff Confirmed Cases,06/05/20:Confirmed cases currently under isolation or monitoring,06/05/20:Detainee deaths,06/05/20:Total confirmed COVID-19 cases,06/05/20:Staff Confirmed Cases,06/08/20:Confirmed cases currently under isolation or monitoring,06/08/20:Detainee deaths,06/08/20:Total confirmed COVID-19 cases,06/08/20:Staff Confirmed Cases,06/10/20:Confirmed cases currently under isolation or monitoring,06/10/20:Detainee deaths,06/10/20:Total confirmed COVID-19 cases,06/10/20:Staff Confirmed Cases,06/11/20:Confirmed cases currently under isolation or monitoring,06/11/20:Detainee deaths,06/11/20:Total confirmed COVID-19 cases,06/11/20:Staff Confirmed Cases,06/12/20:Confirmed cases currently under isolation or monitoring,06/12/20:Detainee deaths,06/12/20:Total confirmed COVID-19 cases,06/12/20:Staff Confirmed Cases,06/15/20:Confirmed cases currently under isolation or monitoring,06/15/20:Detainee deaths,06/15/20:Total confirmed COVID-19 cases,06/15/20:Staff Confirmed Cases,06/16/20:Confirmed cases currently under isolation or monitoring,06/16/20:Detainee deaths,06/16/20:Total confirmed COVID-19 cases,06/16/20:Staff Confirmed Cases,06/17/20:Confirmed cases currently under isolation or monitoring,06/17/20:Detainee deaths,06/17/20:Total confirmed COVID-19 cases,06/17/20:Staff Confirmed Cases,06/18/20:Confirmed cases currently under isolation or monitoring,06/18/20:Detainee deaths,06/18/20:Total confirmed COVID-19 cases,06/18/20:Staff Confirmed Cases,06/19/20:Confirmed cases currently under isolation or monitoring,06/19/20:Detainee deaths,06/19/20:Total confirmed COVID-19 cases,06/19/20:Staff Confirmed Cases,06/22/20:Confirmed cases currently under isolation or monitoring,06/22/20:Detainee deaths,06/22/20:Total confirmed COVID-19 cases,06/22/20:Staff Confirmed Cases,06/23/20:Confirmed cases currently under isolation or monitoring,06/23/20:Detainee deaths,06/23/20:Total confirmed COVID-19 cases,06/23/20:Staff Confirmed Cases,06/24/20:Confirmed cases currently under isolation or monitoring,06/24/20:Detainee deaths,06/24/20:Total confirmed COVID-19 cases,06/24/20:Staff Confirmed Cases,06/25/20:Confirmed cases currently under isolation or monitoring,06/25/20:Detainee deaths,06/25/20:Total confirmed COVID-19 cases,06/25/20:Staff Confirmed Cases,06/26/20:Confirmed cases currently under isolation or monitoring,06/26/20:Detainee deaths,06/26/20:Total confirmed COVID-19 cases,06/26/20:Staff Confirmed Cases,06/29/20:Confirmed cases currently under isolation or monitoring,06/29/20:Detainee deaths,06/29/20:Total confirmed COVID-19 cases,06/29/20:Staff Confirmed Cases,06/30/20:Confirmed cases currently under isolation or monitoring,06/30/20:Detainee deaths,06/30/20:Total confirmed COVID-19 cases,06/30/20:Staff Confirmed Cases,07/01/20:Confirmed cases currently under isolation or monitoring,07/01/20:Detainee deaths,07/01/20:Total confirmed COVID-19 cases,07/01/20:Staff Confirmed Cases,07/07/20:Confirmed cases currently under isolation or monitoring,07/07/20:Detainee deaths,07/07/20:Total confirmed COVID-19 cases,07/07/20:Staff Confirmed Cases,07/08/20:Confirmed cases currently under isolation or monitoring,07/08/20:Detainee deaths,07/08/20:Total confirmed COVID-19 cases,07/08/20:Staff Confirmed Cases,07/09/20:Confirmed cases currently under isolation or monitoring,07/09/20:Detainee deaths,07/09/20:Total confirmed COVID-19 cases,07/09/20:Staff Confirmed Cases,07/10/20:Confirmed cases currently under isolation or monitoring,07/10/20:Detainee deaths,07/10/20:Total confirmed COVID-19 cases,07/10/20:Staff Confirmed Cases,07/13/20:Confirmed cases currently under isolation or monitoring,07/13/20:Detainee deaths,07/13/20:Total confirmed COVID-19 cases,07/13/20:Staff Confirmed Cases,07/14/20:Confirmed cases currently under isolation or monitoring,07/14/20:Detainee deaths,07/14/20:Total confirmed COVID-19 cases,07/14/20:Staff Confirmed Cases,07/15/20:Confirmed cases currently under isolation or monitoring,07/15/20:Detainee deaths,07/15/20:Total confirmed COVID-19 cases,07/15/20:Staff Confirmed Cases,07/16/20:Confirmed cases currently under isolation or monitoring,07/16/20:Detainee deaths,07/16/20:Total confirmed COVID-19 cases,07/16/20:Staff Confirmed Cases,07/17/20:Confirmed cases currently under isolation or monitoring,07/17/20:Detainee deaths,07/17/20:Total confirmed COVID-19 cases,07/17/20:Staff Confirmed Cases,07/20/20:Confirmed cases currently under isolation or monitoring,07/20/20:Detainee deaths,07/20/20:Total confirmed COVID-19 cases,07/20/20:Staff Confirmed Cases,07/21/20:Confirmed cases currently under isolation or monitoring,07/21/20:Detainee deaths,07/21/20:Total confirmed COVID-19 cases,07/21/20:Staff Confirmed Cases,07/23/20:Confirmed cases currently under isolation or monitoring,07/23/20:Detainee deaths,07/23/20:Total confirmed COVID-19 cases,07/23/20:Staff Confirmed Cases,07/24/20:Confirmed cases currently under isolation or monitoring,07/24/20:Detainee deaths,07/24/20:Total confirmed COVID-19 cases,07/24/20:Staff Confirmed Cases,07/27/20:Confirmed cases currently under isolation or monitoring,07/27/20:Detainee deaths,07/27/20:Total confirmed COVID-19 cases,07/27/20:Staff Confirmed Cases,07/28/20:Confirmed cases currently under isolation or monitoring,07/28/20:Detainee deaths,07/28/20:Total confirmed COVID-19 cases,07/28/20:Staff Confirmed Cases,07/29/20:Confirmed cases currently under isolation or monitoring,07/29/20:Detainee deaths,07/29/20:Total confirmed COVID-19 cases,07/29/20:Staff Confirmed Cases,07/30/20:Confirmed cases currently under isolation or monitoring,07/30/20:Detainee deaths,07/30/20:Total confirmed COVID-19 cases,07/30/20:Staff Confirmed Cases,08/03/20:Confirmed cases currently under isolation or monitoring,08/03/20:Detainee deaths,08/03/20:Total confirmed COVID-19 cases,08/03/20:Staff Confirmed Cases,08/04/20:Confirmed cases currently under isolation or monitoring,08/04/20:Detainee deaths,08/04/20:Total confirmed COVID-19 cases,08/04/20:Staff Confirmed Cases,08/05/20:Confirmed cases currently under isolation or monitoring,08/05/20:Detainee deaths,08/05/20:Total confirmed COVID-19 cases,08/05/20:Staff Confirmed Cases,08/06/20:Confirmed cases currently under isolation or monitoring,08/06/20:Detainee deaths,08/06/20:Total confirmed COVID-19 cases,08/06/20:Staff Confirmed Cases,08/07/20:Confirmed cases currently under isolation or monitoring,08/07/20:Detainee deaths,08/07/20:Total confirmed COVID-19 cases,08/07/20:Staff Confirmed Cases,08/10/20:Confirmed cases currently under isolation or monitoring,08/10/20:Detainee deaths,08/10/20:Total confirmed COVID-19 cases,08/10/20:Staff Confirmed Cases,08/11/20:Confirmed cases currently under isolation or monitoring,08/11/20:Detainee deaths,08/11/20:Total confirmed COVID-19 cases,08/11/20:Staff Confirmed Cases,08/12/20:Confirmed cases currently under isolation or monitoring,08/12/20:Detainee deaths,08/12/20:Total confirmed COVID-19 cases,08/12/20:Staff Confirmed Cases,08/13/20:Confirmed cases currently under isolation or monitoring,08/13/20:Detainee deaths,08/13/20:Total confirmed COVID-19 cases,08/13/20:Staff Confirmed Cases,08/14/20:Confirmed cases currently under isolation or monitoring,08/14/20:Detainee deaths,08/14/20:Total confirmed COVID-19 cases,08/14/20:Staff Confirmed Cases,08/17/20:Confirmed cases currently under isolation or monitoring,08/17/20:Detainee deaths,08/17/20:Total confirmed COVID-19 cases,08/17/20:Staff Confirmed Cases,08/18/20:Confirmed cases currently under isolation or monitoring,08/18/20:Detainee deaths,08/18/20:Total confirmed COVID-19 cases,08/18/20:Staff Confirmed Cases,08/19/20:Confirmed cases currently under isolation or monitoring,08/19/20:Detainee deaths,08/19/20:Total confirmed COVID-19 cases,08/19/20:Staff Confirmed Cases,08/20/20:Confirmed cases currently under isolation or monitoring,08/20/20:Detainee deaths,08/20/20:Total confirmed COVID-19 cases,08/20/20:Staff Confirmed Cases,08/21/20:Confirmed cases currently under isolation or monitoring,08/21/20:Detainee deaths,08/21/20:Total confirmed COVID-19 cases,08/21/20:Staff Confirmed Cases,08/24/20:Confirmed cases currently under isolation or monitoring,08/24/20:Detainee deaths,08/24/20:Total confirmed COVID-19 cases,08/24/20:Staff Confirmed Cases,08/25/20:Confirmed cases currently under isolation or monitoring,08/25/20:Detainee deaths,08/25/20:Total confirmed COVID-19 cases,08/25/20:Staff Confirmed Cases,08/26/20:Confirmed cases currently under isolation or monitoring,08/26/20:Detainee deaths,08/26/20:Total confirmed COVID-19 cases,08/26/20:Staff Confirmed Cases,08/27/20:Confirmed cases currently under isolation or monitoring,08/27/20:Detainee deaths,08/27/20:Total confirmed COVID-19 cases,08/27/20:Staff Confirmed Cases
Charleston County Detention Center,,,,,,,,,,,,,,,,,,,,,,,,,,,,,,,,,,,,,,,,,,,,,,,,,,,,,,,,,,,,,,,,,,,,,,,,,,,,,,,,,,,,,,,,,,,,,,,,,,,,,,,,,,,,,,,,,,,,,,,,,,,,,,,,,,,,,,,,,,,,,,,,,,,,,,,,,,,,,,,,,,,,,,,,,,,,,,,,,,,,,,,,,,,,,,,1.0,,1.0,,2.0,,2.0,,2.0,,2.0,,2.0,,2.0,,2.0,,2.0,,2.0,,2.0,,2.0,,2.0,,2.0,,2.0,,2.0,,2.0,,2.0,,2.0,,2.0,,2.0,,2.0,,2.0,,2.0,,2.0,,2.0,,2.0,,2.0,,2.0,,2.0,,2.0,,2.0,0.0,2.0,,2.0,0.0,2.0,,2.0,0.0,2.0,,2.0,0.0,2.0,,2.0,0.0,2.0,,2.0,0.0,2.0,,2.0,0.0,2.0,,2.0,0.0,2.0,,2.0,0.0,2.0,,2.0,0.0,2.0,,2.0,0.0,2.0,,2.0,0.0,2.0,,2.0,0.0,2.0,,2.0,0.0,2.0,,2.0,0.0,2.0,,2.0,0.0,2.0,,2.0,0.0,2.0,,2.0,0.0,2.0,,2.0,0.0,2.0,,2.0,0.0,2.0,,2.0,0.0,2.0,,2.0,0.0,2.0,,2.0,0.0,2.0,,2.0,0.0,2.0,,2.0,0.0,2.0,
Columbia Regional Care Center,,,,,,,,,,,,,,,,,,,,,,,,,,,,,,,,,,,,,,,,,,,,,,,,,,,,,,,,,,,,,,,,,,,,,,,,,,,,,,,,,,,,,,,,,,,,,,,,,,,,,,,,,,,,,,,,,,,,,,,,,,,,,,,,,,,,,,,,,,,,,,,,,,,,,,,,,,,,,,,,,,,,,,,,,,,,,,,,,,,,,,,,,,,,,,,,,,,,,,,,,,,,,,,,,,,,,,,,,,,,,,,,,,,,,,,,,,,,,,,,,,,1.0,,1.0,,1.0,,1.0,,1.0,,1.0,,1.0,0.0,1.0,,1.0,0.0,1.0,,1.0,0.0,1.0,,1.0,0.0,1.0,,1.0,0.0,1.0,,1.0,0.0,1.0,,1.0,0.0,1.0,,1.0,0.0,1.0,,1.0,0.0,1.0,,1.0,0.0,1.0,,1.0,0.0,1.0,,1.0,0.0,1.0,,1.0,0.0,1.0,,1.0,0.0,1.0,,1.0,0.0,1.0,,1.0,0.0,1.0,,1.0,0.0,1.0,,1.0,0.0,1.0,,1.0,0.0,1.0,,1.0,0.0,1.0,,1.0,0.0,1.0,,1.0,0.0,1.0,,1.0,0.0,1.0,,1.0,0.0,1.0,,1.0,0.0,1.0,
Folkston ICE Processing Center(D. Ray James),,,,,,,,,,,,,,,,,,,,,,,,,,,,,,,,,,,,,,,,,,,,,,,,,,,,,,,,,,,,,,,,,,,,,,,,,,1.0,,,1.0,,,1.0,,,1.0,,,2.0,,,2.0,,,2.0,,,2.0,,,2.0,,,2.0,,,2.0,,,2.0,,,2.0,,,2.0,,,3.0,,,3.0,,,3.0,,,3.0,,3.0,0.0,3.0,,3.0,0.0,3.0,,3.0,,3.0,,4.0,,4.0,,4.0,,4.0,,4.0,,4.0,,4.0,,4.0,,4.0,,4.0,,4.0,,4.0,,4.0,,4.0,,4.0,,4.0,,4.0,,4.0,,4.0,,4.0,,4.0,,4.0,,5.0,,5.0,,5.0,,5.0,,5.0,,5.0,,5.0,,5.0,,5.0,,5.0,,5.0,,5.0,,5.0,,5.0,,6.0,,6.0,,6.0,,6.0,,6.0,,6.0,,6.0,,6.0,,9.0,,9.0,,10.0,,10.0,,12.0,,12.0,,12.0,,12.0,,12.0,,12.0,,13.0,,13.0,,13.0,,13.0,,15.0,0.0,15.0,,16.0,0.0,16.0,,18.0,0.0,18.0,,28.0,0.0,28.0,,28.0,0.0,28.0,,37.0,0.0,37.0,,38.0,0.0,40.0,,38.0,0.0,40.0,,39.0,0.0,41.0,,41.0,0.0,43.0,,41.0,0.0,43.0,,43.0,0.0,45.0,,43.0,0.0,45.0,,43.0,0.0,45.0,,43.0,0.0,45.0,,10.0,0.0,51.0,,15.0,0.0,56.0,,17.0,0.0,58.0,,17.0,0.0,58.0,,19.0,0.0,60.0,,20.0,0.0,61.0,,22.0,0.0,63.0,,22.0,0.0,63.0,,22.0,0.0,63.0,,22.0,0.0,63.0,
Irwin County Detention Center,,,,,,,,,,,,,,,,,,,,,,,,,,,,,1.0,,,1.0,,,1.0,,,1.0,,,1.0,,,1.0,,,1.0,,,1.0,,,1.0,,,1.0,,,2.0,,,2.0,,,2.0,,,2.0,,,2.0,,,2.0,,,2.0,,,2.0,,,2.0,,,2.0,,,5.0,,,6.0,,,6.0,,,7.0,,,7.0,,,7.0,,,7.0,,,7.0,,,7.0,,,7.0,,,7.0,,,7.0,,,7.0,,7.0,0.0,7.0,,6.0,,7.0,,6.0,,7.0,,6.0,,7.0,,6.0,,7.0,,6.0,,7.0,,7.0,,8.0,,7.0,,8.0,,7.0,,8.0,,7.0,,8.0,,10.0,,11.0,,11.0,,12.0,,12.0,,13.0,,12.0,,13.0,,12.0,,13.0,,13.0,,14.0,,13.0,,14.0,,13.0,,14.0,,13.0,,14.0,,13.0,,14.0,,12.0,,14.0,,13.0,,15.0,,13.0,,15.0,,14.0,,16.0,,14.0,,16.0,,12.0,,18.0,,12.0,,18.0,,12.0,,18.0,,12.0,,18.0,,12.0,,18.0,,13.0,,19.0,,13.0,,19.0,,14.0,0.0,20.0,,14.0,0.0,20.0,,15.0,0.0,21.0,,15.0,0.0,21.0,,15.0,0.0,21.0,,15.0,0.0,21.0,,20.0,0.0,28.0,,21.0,0.0,29.0,,21.0,0.0,29.0,,21.0,0.0,29.0,,21.0,0.0,29.0,,22.0,0.0,30.0,,23.0,0.0,31.0,,23.0,0.0,31.0,,23.0,0.0,31.0,,23.0,0.0,31.0,,23.0,0.0,31.0,,19.0,0.0,31.0,,20.0,0.0,32.0,,20.0,0.0,32.0,,20.0,0.0,32.0,,22.0,0.0,34.0,,28.0,0.0,40.0,,29.0,0.0,41.0,,29.0,0.0,41.0,
Stewart Detention Center,,,,,,,,,,,,,,,,,,,,,,,,,,,,,2.0,,,6.0,,,6.0,,,7.0,,,7.0,,,7.0,,,9.0,1.0,,9.0,1.0,,9.0,1.0,,9.0,1.0,,9.0,1.0,,9.0,1.0,,9.0,2.0,,10.0,2.0,,11.0,2.0,,11.0,2.0,,11.0,2.0,,11.0,2.0,,11.0,2.0,,11.0,2.0,,15.0,2.0,,16.0,2.0,,16.0,2.0,,16.0,2.0,,16.0,2.0,,16.0,2.0,,16.0,2.0,,16.0,2.0,1.0,16.0,2.0,,19.0,2.0,,19.0,2.0,,19.0,2.0,,19.0,2.0,23.0,1.0,25.0,2.0,20.0,1.0,25.0,2.0,21.0,1.0,26.0,2.0,21.0,1.0,26.0,2.0,21.0,1.0,26.0,2.0,25.0,1.0,30.0,2.0,26.0,1.0,31.0,2.0,26.0,1.0,31.0,2.0,26.0,1.0,31.0,2.0,24.0,1.0,31.0,2.0,29.0,1.0,36.0,2.0,31.0,1.0,38.0,2.0,8.0,1.0,39.0,2.0,11.0,1.0,42.0,2.0,11.0,1.0,42.0,2.0,11.0,1.0,42.0,2.0,11.0,1.0,42.0,2.0,15.0,1.0,46.0,2.0,16.0,1.0,47.0,2.0,19.0,1.0,50.0,2.0,24.0,1.0,55.0,2.0,26.0,1.0,57.0,2.0,33.0,1.0,64.0,2.0,33.0,1.0,67.0,2.0,33.0,1.0,67.0,2.0,33.0,1.0,68.0,2.0,74.0,1.0,109.0,2.0,76.0,1.0,111.0,2.0,76.0,1.0,111.0,2.0,48.0,1.0,113.0,2.0,81.0,1.0,116.0,2.0,66.0,1.0,124.0,2.0,70.0,1.0,128.0,2.0,71.0,1.0,129.0,2.0,84.0,1.0,143.0,2.0,84.0,1.0,143.0,2.0,90.0,1.0,149.0,2.0,90.0,1.0,149.0,2.0,87.0,1.0,149.0,2.0,20.0,1.0,153.0,2.0,20.0,1.0,153.0,2.0,20.0,1.0,153.0,2.0,20.0,1.0,153.0,2.0,21.0,1.0,154.0,2.0,21.0,1.0,154.0,2.0,21.0,2.0,154.0,2.0,21.0,2.0,154.0,2.0,5.0,2.0,158.0,2.0,5.0,2.0,158.0,2.0,6.0,2.0,159.0,2.0,5.0,2.0,159.0,2.0,20.0,2.0,174.0,2.0,20.0,2.0,174.0,2.0,77.0,2.0,231.0,2.0,80.0,2.0,234.0,2.0,137.0,2.0,300.0,2.0,137.0,2.0,300.0,2.0
Bristol County Detention Center,,,,,,,,,,,,,,,,,,,,,,,,,,,,,,,,,,,,,,,,,,,,,,,,,,,,,,,,,,,,,,,,,,,,,,,,,,,,,,,,1.0,,,1.0,,,1.0,,,1.0,,,1.0,,,1.0,18.0,,1.0,,,1.0,,,1.0,0.0,,1.0,0.0,,1.0,,,1.0,,,1.0,,,1.0,,,1.0,,,1.0,0.0,1.0,0.0,1.0,0.0,1.0,,1.0,,1.0,,1.0,,1.0,,1.0,,1.0,,1.0,,1.0,,1.0,,1.0,,1.0,,1.0,,1.0,,1.0,,1.0,,1.0,,1.0,,1.0,,1.0,,1.0,,1.0,,1.0,,1.0,,1.0,,1.0,,1.0,,1.0,,1.0,,1.0,,1.0,,1.0,,1.0,,1.0,,1.0,,1.0,,1.0,,1.0,,0.0,,1.0,,0.0,,1.0,,0.0,,1.0,,0.0,,1.0,,0.0,,1.0,,0.0,,1.0,,0.0,,1.0,,0.0,,1.0,,0.0,,1.0,,0.0,,1.0,,0.0,,1.0,,0.0,,1.0,,0.0,0.0,1.0,,0.0,0.0,1.0,,0.0,0.0,1.0,,0.0,0.0,1.0,,0.0,0.0,1.0,,0.0,0.0,1.0,,0.0,0.0,1.0,,0.0,0.0,1.0,,0.0,0.0,1.0,,0.0,0.0,1.0,,0.0,0.0,1.0,,0.0,0.0,1.0,,0.0,0.0,1.0,,0.0,0.0,1.0,,0.0,0.0,1.0,,0.0,0.0,1.0,,0.0,0.0,1.0,,0.0,0.0,1.0,,0.0,0.0,1.0,,0.0,0.0,1.0,,0.0,0.0,1.0,,0.0,0.0,1.0,,0.0,0.0,1.0,,0.0,0.0,1.0,,0.0,0.0,1.0,
Franklin County House of Corrections,,,,,,,,,,,,,,,,,,,,,,,,,,,,,,,,,,,,,,,,,,,,,,,,,,,,,,,,,,,,,,,,,,,,,,,,,,,,,,,,,,,,,,,,,,,,,,,,,,,,,,,,,,,,,,,,,,,,,,,2.0,,,2.0,,,2.0,,2.0,0.0,2.0,,2.0,,2.0,,2.0,,2.0,,2.0,,2.0,,2.0,,2.0,,3.0,,3.0,,3.0,,3.0,,3.0,,3.0,,3.0,,3.0,,3.0,,3.0,,3.0,,3.0,,4.0,,4.0,,5.0,,5.0,,5.0,,5.0,,4.0,,5.0,,4.0,,5.0,,4.0,,5.0,,4.0,,5.0,,5.0,,6.0,,5.0,,6.0,,5.0,,6.0,,5.0,,6.0,,5.0,,6.0,,5.0,,6.0,,5.0,,6.0,,5.0,,6.0,,5.0,,6.0,,5.0,,6.0,,5.0,,6.0,,5.0,,6.0,,6.0,,7.0,,6.0,,7.0,,6.0,0.0,7.0,,6.0,0.0,7.0,,6.0,0.0,7.0,,6.0,0.0,7.0,,6.0,0.0,7.0,,6.0,0.0,7.0,,5.0,0.0,7.0,,5.0,0.0,7.0,,5.0,0.0,7.0,,5.0,0.0,7.0,,5.0,0.0,7.0,,5.0,0.0,7.0,,5.0,0.0,7.0,,5.0,0.0,7.0,,5.0,0.0,7.0,,5.0,0.0,7.0,,5.0,0.0,7.0,,0.0,0.0,7.0,,0.0,0.0,7.0,,0.0,0.0,7.0,,0.0,0.0,7.0,,0.0,0.0,7.0,,0.0,0.0,7.0,,0.0,0.0,7.0,,0.0,0.0,7.0,
Wyatt Detention Center,,,,,,,,,,,,,,,,,,,,,,,,,,,,,,,,,,,,,,,,,,,,,,,,,,,,,,,,,,,1.0,,,1.0,,,1.0,,,1.0,,,1.0,,,1.0,,,2.0,,,2.0,,,2.0,,,2.0,,,2.0,,,2.0,,,2.0,,,2.0,,,2.0,,,2.0,,,2.0,,,2.0,,,2.0,,,2.0,,,2.0,,,2.0,,,2.0,,2.0,0.0,2.0,,1.0,,2.0,,1.0,,2.0,,1.0,,2.0,,1.0,,2.0,,1.0,,2.0,,1.0,,2.0,,1.0,,2.0,,1.0,,2.0,,1.0,,2.0,,1.0,,2.0,,1.0,,2.0,,1.0,,2.0,,1.0,,2.0,,0.0,,2.0,,0.0,,2.0,,0.0,,2.0,,0.0,,2.0,,0.0,,2.0,,0.0,,2.0,,0.0,,2.0,,0.0,,2.0,,0.0,,2.0,,0.0,,2.0,,0.0,,2.0,,0.0,,2.0,,0.0,,2.0,,0.0,,2.0,,0.0,,2.0,,0.0,,2.0,,0.0,,2.0,,0.0,,2.0,,0.0,0.0,2.0,,0.0,0.0,2.0,,0.0,0.0,2.0,,0.0,0.0,2.0,,0.0,0.0,2.0,,0.0,0.0,2.0,,0.0,0.0,2.0,,0.0,0.0,2.0,,0.0,0.0,2.0,,0.0,0.0,2.0,,0.0,0.0,2.0,,0.0,0.0,2.0,,0.0,0.0,2.0,,0.0,0.0,2.0,,0.0,0.0,2.0,,0.0,0.0,2.0,,0.0,0.0,2.0,,0.0,0.0,2.0,,0.0,0.0,2.0,,0.0,0.0,2.0,,0.0,0.0,2.0,,0.0,0.0,2.0,,0.0,0.0,2.0,,0.0,0.0,2.0,,0.0,0.0,2.0,
Buffalo (Batavia) Service Processing Center,,,,,,,,,,,,,,,,,,,,,,,,,,,,,4.0,,,7.0,,,8.0,,,11.0,,,12.0,,,12.0,,,45.0,,,46.0,,,49.0,,,49.0,,,49.0,,,49.0,,,49.0,,,49.0,,,49.0,,,49.0,,,49.0,,,49.0,,,49.0,,,49.0,,,49.0,,,49.0,,,49.0,,,49.0,,,49.0,,,49.0,,,49.0,,,49.0,,,49.0,,,49.0,,,49.0,,,49.0,,,49.0,,0.0,0.0,49.0,,0.0,,49.0,,0.0,,49.0,,0.0,,49.0,,0.0,,49.0,,0.0,,49.0,,0.0,,49.0,,0.0,,49.0,,0.0,,49.0,,0.0,,49.0,,0.0,,49.0,,0.0,,49.0,,0.0,,49.0,,0.0,,49.0,,0.0,,49.0,,0.0,,49.0,,0.0,,49.0,,0.0,,49.0,,0.0,,49.0,,0.0,,49.0,,0.0,,49.0,,0.0,,49.0,,0.0,,49.0,,0.0,,49.0,,0.0,,49.0,,0.0,,49.0,,0.0,,49.0,,0.0,,49.0,,0.0,,49.0,,0.0,,49.0,,0.0,,49.0,,0.0,,49.0,,0.0,0.0,49.0,,0.0,0.0,49.0,,0.0,0.0,49.0,,0.0,0.0,49.0,,0.0,0.0,49.0,,0.0,0.0,49.0,,0.0,0.0,49.0,,0.0,0.0,49.0,,0.0,0.0,49.0,,0.0,0.0,49.0,,0.0,0.0,49.0,,0.0,0.0,49.0,,0.0,0.0,49.0,,0.0,0.0,49.0,,0.0,0.0,49.0,,0.0,0.0,49.0,,0.0,0.0,49.0,,0.0,0.0,49.0,,0.0,0.0,49.0,,0.0,0.0,49.0,,0.0,0.0,49.0,,0.0,0.0,49.0,,0.0,0.0,49.0,,0.0,0.0,49.0,,0.0,0.0,49.0,
Lincoln County Detention Center,,,,,,,,,,,,,,,,,,,,,,,,,,,,,,,,,,,,,,,,,,,,,,,,,,,,,,,,,,,,,,,,,,,,,,,,,,,,,,,,,,,,,,,,,,,,1.0,,,1.0,,,1.0,,,1.0,,,1.0,,,1.0,,,1.0,,,1.0,,,1.0,,,1.0,,,1.0,,,1.0,,1.0,0.0,1.0,,1.0,,1.0,,1.0,,1.0,,1.0,,1.0,,1.0,,1.0,,1.0,,1.0,,1.0,,1.0,,1.0,,1.0,,1.0,,1.0,,0.0,,1.0,,0.0,,1.0,,0.0,,1.0,,0.0,,1.0,,0.0,,1.0,,0.0,,1.0,,0.0,,1.0,,0.0,,1.0,,0.0,,1.0,,0.0,,1.0,,0.0,,1.0,,0.0,,1.0,,0.0,,1.0,,0.0,,1.0,,0.0,,1.0,,0.0,,1.0,,0.0,,1.0,,0.0,,1.0,,0.0,,1.0,,0.0,,1.0,,0.0,,1.0,,0.0,,1.0,,0.0,,1.0,,0.0,0.0,1.0,,0.0,0.0,1.0,,0.0,0.0,1.0,,0.0,0.0,1.0,,0.0,0.0,1.0,,0.0,0.0,1.0,,0.0,0.0,1.0,,0.0,0.0,1.0,,0.0,0.0,1.0,,0.0,0.0,1.0,,0.0,0.0,1.0,,0.0,0.0,1.0,,0.0,0.0,1.0,,0.0,0.0,1.0,,0.0,0.0,1.0,,0.0,0.0,1.0,,0.0,0.0,1.0,,0.0,0.0,1.0,,0.0,0.0,1.0,,0.0,0.0,1.0,,0.0,0.0,1.0,,0.0,0.0,1.0,,0.0,0.0,1.0,,0.0,0.0,1.0,,0.0,0.0,1.0,
Pulaski County Detention Center,,,,,,,,,,,,,,,,,,,,,,,,,,,,,,,,3.0,,,3.0,,,3.0,,,3.0,,,3.0,,,6.0,,,6.0,,,7.0,,,9.0,,,9.0,,,9.0,,,12.0,,,12.0,,,13.0,,,14.0,,,14.0,,,14.0,,,14.0,,,17.0,,,17.0,,,19.0,,,22.0,,,22.0,,,22.0,,,22.0,,,29.0,,,29.0,,,29.0,,,29.0,,,29.0,,,29.0,,,29.0,,20.0,0.0,29.0,,34.0,,43.0,,34.0,,43.0,,34.0,,44.0,,34.0,,44.0,,34.0,,44.0,,33.0,,45.0,,33.0,,45.0,,33.0,,45.0,,32.0,,45.0,,32.0,,45.0,,32.0,,45.0,,32.0,,45.0,,0.0,,45.0,,0.0,,45.0,,0.0,,45.0,,0.0,,45.0,,0.0,,45.0,,0.0,,45.0,,0.0,,45.0,,0.0,,45.0,,5.0,,50.0,,5.0,,50.0,,5.0,,50.0,,5.0,,50.0,,5.0,,50.0,,5.0,,50.0,,6.0,,51.0,,6.0,,51.0,,6.0,,51.0,,6.0,,51.0,,6.0,,51.0,,6.0,0.0,51.0,,5.0,0.0,51.0,,5.0,0.0,51.0,,5.0,0.0,51.0,,5.0,0.0,51.0,,5.0,0.0,51.0,,3.0,0.0,51.0,,3.0,0.0,51.0,,3.0,0.0,51.0,,3.0,0.0,51.0,,3.0,0.0,51.0,,3.0,0.0,51.0,,3.0,0.0,51.0,,3.0,0.0,51.0,,3.0,0.0,51.0,,5.0,0.0,53.0,,5.0,0.0,53.0,,5.0,0.0,53.0,,5.0,0.0,53.0,,5.0,0.0,53.0,,5.0,0.0,53.0,,5.0,0.0,53.0,,7.0,0.0,55.0,,14.0,0.0,62.0,,14.0,0.0,62.0,
Bluebonnet Detention Facility,,,,,,,,,,,,,,,,,,,,,,,,,,,,,,,,,,,,,,,,,,,,,,,,,,,,,1.0,,,1.0,,,1.0,,,1.0,,,24.0,,,27.0,,,27.0,,,39.0,,,41.0,,,41.0,,,41.0,,,42.0,,,72.0,,,79.0,,,79.0,,,79.0,,,84.0,,,111.0,,,111.0,,,111.0,,,111.0,,,116.0,,,116.0,,,132.0,,,132.0,,122.0,0.0,132.0,,108.0,,132.0,,108.0,,132.0,,108.0,,132.0,,109.0,,133.0,,100.0,,134.0,,101.0,,135.0,,101.0,,135.0,,129.0,,164.0,,124.0,,164.0,,36.0,,168.0,,42.0,,174.0,,42.0,,174.0,,42.0,,174.0,,55.0,,185.0,,120.0,,252.0,,121.0,,253.0,,121.0,,253.0,,131.0,,253.0,,130.0,,265.0,,145.0,,280.0,,151.0,,286.0,,151.0,,286.0,,151.0,,286.0,,151.0,,286.0,,151.0,,286.0,,151.0,,286.0,,152.0,,287.0,,155.0,,290.0,,6.0,,290.0,,7.0,,291.0,,6.0,,291.0,,8.0,0.0,292.0,,6.0,0.0,292.0,,6.0,0.0,292.0,,6.0,0.0,292.0,,6.0,0.0,292.0,,6.0,0.0,292.0,,7.0,0.0,293.0,,7.0,0.0,293.0,,7.0,0.0,293.0,,7.0,0.0,293.0,,1.0,0.0,293.0,,1.0,0.0,293.0,,1.0,0.0,293.0,,1.0,0.0,293.0,,1.0,0.0,293.0,,1.0,0.0,293.0,,1.0,0.0,296.0,,0.0,0.0,296.0,,0.0,0.0,296.0,,0.0,0.0,296.0,,0.0,0.0,296.0,,0.0,0.0,296.0,,0.0,0.0,296.0,,0.0,0.0,296.0,,0.0,0.0,296.0,
Johnson County Law Enforcement Center,,,,,,,,,,,,,,,,,,,,,,,,,,,,,,,,,,,,,,,,,,,,,,,,,,,,,,,,,,,,,,,,,,,,,,,,,,,,,,,,,,,,,,,,,,,,,,,,,,,,,1.0,,,,,,1.0,,,1.0,,,1.0,,,1.0,,,1.0,,,1.0,,,1.0,,1.0,0.0,1.0,,1.0,,1.0,,1.0,,1.0,,1.0,,1.0,,1.0,,1.0,,1.0,,1.0,,1.0,,1.0,,1.0,,1.0,,1.0,,1.0,,1.0,,1.0,,1.0,,1.0,,1.0,,1.0,,1.0,,1.0,,1.0,,1.0,,1.0,,1.0,,1.0,,1.0,,1.0,,1.0,,1.0,,1.0,,1.0,,1.0,,1.0,,1.0,,1.0,,1.0,,1.0,,1.0,,1.0,,1.0,,1.0,,1.0,,1.0,,1.0,,1.0,,1.0,,1.0,,1.0,,1.0,,1.0,,1.0,,1.0,,1.0,,1.0,,1.0,,1.0,,1.0,,1.0,,1.0,0.0,1.0,,1.0,0.0,1.0,,1.0,0.0,1.0,,1.0,0.0,1.0,,1.0,0.0,1.0,,1.0,0.0,1.0,,1.0,0.0,1.0,,1.0,0.0,1.0,,1.0,0.0,1.0,,1.0,0.0,1.0,,1.0,0.0,1.0,,1.0,0.0,1.0,,1.0,0.0,1.0,,1.0,0.0,1.0,,1.0,0.0,1.0,,1.0,0.0,1.0,,1.0,0.0,1.0,,1.0,0.0,1.0,,1.0,0.0,1.0,,1.0,0.0,1.0,,1.0,0.0,1.0,,1.0,0.0,1.0,,1.0,0.0,1.0,,1.0,0.0,1.0,,1.0,0.0,1.0,
Moore Detention Center,,,,,,,,,,,,,,,,,,,,,,,,,,,,,,,,,,,,,,,,,,,,,,,,,,,,,,,,,,,,,,,,,,,,,,,,,,,,,,,,,,,,,,,,,,,,,,,,,,,,,,,,,,,,,,,,,,,,11.0,,,,,,,,,,,,,,,,,,,,,,,,,,,,,,,,,,,,,,,,,,,,,,,,,,,,,,,,,,,,,,,3.0,,3.0,,12.0,,12.0,,12.0,,12.0,,12.0,,12.0,,12.0,,12.0,,12.0,,12.0,,12.0,,12.0,,12.0,,12.0,,12.0,,12.0,,12.0,,12.0,,12.0,,12.0,,12.0,,12.0,,19.0,,19.0,,19.0,,19.0,,19.0,,19.0,,19.0,,19.0,,11.0,,19.0,,12.0,,20.0,,12.0,,20.0,,12.0,0.0,20.0,,12.0,0.0,20.0,,12.0,0.0,20.0,,12.0,0.0,20.0,,12.0,0.0,20.0,,12.0,0.0,20.0,,11.0,0.0,20.0,,11.0,0.0,20.0,,11.0,0.0,20.0,,11.0,0.0,20.0,,12.0,0.0,21.0,,12.0,0.0,21.0,,12.0,0.0,21.0,,12.0,0.0,21.0,,12.0,0.0,21.0,,12.0,0.0,21.0,,12.0,0.0,21.0,,11.0,0.0,18.0,,11.0,0.0,18.0,,11.0,0.0,18.0,,11.0,0.0,18.0,,13.0,0.0,20.0,,13.0,0.0,20.0,,13.0,0.0,20.0,,13.0,0.0,20.0,
Prairieland Detention Facility,,,,,,,,,,,,,,,,,,,,,,,,,,,,,,,,,,,,,,1.0,,,3.0,,,3.0,,,24.0,,,28.0,,,33.0,,,35.0,,,36.0,,,36.0,,,41.0,,,41.0,,,41.0,,,41.0,,,41.0,,,42.0,,,42.0,,,43.0,,,45.0,,,45.0,,,45.0,,,45.0,,,45.0,,,45.0,,,45.0,,,45.0,,,45.0,,,45.0,,,45.0,,,45.0,,,45.0,,18.0,0.0,43.0,,16.0,,43.0,,16.0,,43.0,,16.0,,43.0,,16.0,,43.0,,16.0,,43.0,,16.0,,43.0,,16.0,,43.0,,16.0,,43.0,,16.0,,43.0,,16.0,,43.0,,16.0,,43.0,,0.0,,43.0,,0.0,,43.0,,0.0,,43.0,,0.0,,43.0,,0.0,,43.0,,0.0,,43.0,,9.0,,52.0,,9.0,,52.0,,9.0,,52.0,,11.0,,55.0,,11.0,,55.0,,11.0,,55.0,,11.0,,55.0,,13.0,,57.0,,13.0,,57.0,,13.0,,57.0,,13.0,,57.0,,13.0,,57.0,,15.0,,59.0,,16.0,,60.0,,20.0,0.0,64.0,,15.0,0.0,65.0,,19.0,0.0,69.0,,19.0,0.0,69.0,,19.0,0.0,69.0,,19.0,0.0,69.0,,20.0,0.0,70.0,,20.0,0.0,70.0,,20.0,0.0,70.0,,20.0,0.0,70.0,,8.0,0.0,72.0,,8.0,0.0,72.0,,8.0,0.0,72.0,,8.0,0.0,72.0,,8.0,0.0,72.0,,8.0,0.0,72.0,,10.0,0.0,74.0,,9.0,0.0,74.0,,9.0,0.0,74.0,,9.0,0.0,74.0,,9.0,0.0,74.0,,9.0,0.0,74.0,,9.0,0.0,74.0,,9.0,0.0,74.0,,9.0,0.0,74.0,
Rolling Plains Detention Center,,,,,,,,,,,,,,,,,,,,,,,,,,,,,,,,,,,,,,,,,,,,,,,,,,,,,,,,,,,,,,,,,,,,,,,,,,3.0,,,23.0,,,23.0,,,34.0,,,34.0,,,35.0,,,35.0,,,35.0,,,35.0,,,37.0,,,37.0,,,37.0,,,37.0,,,37.0,,,41.0,,,41.0,,,41.0,,,41.0,,29.0,0.0,41.0,,36.0,,41.0,,36.0,,41.0,,36.0,,41.0,,36.0,,41.0,,36.0,,41.0,,36.0,,41.0,,36.0,,41.0,,29.0,,41.0,,29.0,,41.0,,6.0,,41.0,,6.0,,41.0,,6.0,,41.0,,6.0,,41.0,,6.0,,41.0,,1.0,,42.0,,1.0,,42.0,,1.0,,42.0,,1.0,,42.0,,1.0,,42.0,,1.0,,42.0,,14.0,,55.0,,14.0,,55.0,,0.0,,55.0,,0.0,,55.0,,0.0,,55.0,,0.0,,55.0,,0.0,,55.0,,0.0,,55.0,,0.0,,55.0,,0.0,,55.0,,0.0,,55.0,,0.0,0.0,55.0,,0.0,0.0,55.0,,0.0,0.0,55.0,,0.0,0.0,55.0,,0.0,0.0,55.0,,0.0,0.0,55.0,,0.0,0.0,55.0,,0.0,0.0,55.0,,0.0,0.0,55.0,,0.0,0.0,55.0,,0.0,0.0,55.0,,0.0,0.0,55.0,,0.0,0.0,55.0,,0.0,0.0,55.0,,0.0,0.0,55.0,,0.0,0.0,55.0,,0.0,0.0,55.0,,0.0,0.0,55.0,,0.0,0.0,55.0,,0.0,0.0,55.0,,0.0,0.0,55.0,,2.0,0.0,55.0,,2.0,0.0,55.0,,2.0,0.0,55.0,,2.0,0.0,55.0,
Butler County Jail,,,,,,,,,,,,,,,,,,,,,1.0,,,1.0,,,1.0,,,1.0,,,1.0,,,1.0,,,1.0,,,1.0,,,1.0,,,1.0,,,1.0,,,1.0,,,1.0,,,1.0,,,1.0,,,1.0,,,1.0,,,1.0,,,1.0,,,1.0,,,1.0,,,1.0,,,1.0,,,1.0,,,1.0,,,1.0,,,1.0,,,1.0,,,1.0,,,1.0,,,1.0,,,1.0,,,1.0,,,1.0,,,1.0,,,1.0,,,,1.0,,,,1.0,,,,1.0,,,,1.0,,,,1.0,,,,1.0,,,,1.0,,,,1.0,,,,1.0,,,,1.0,,,,1.0,,,,1.0,,,,1.0,,,,1.0,,,,1.0,,,,1.0,,,,1.0,,,,1.0,,,,1.0,,,,1.0,,,,1.0,,,,1.0,,,,1.0,,,,1.0,,,,1.0,,,,1.0,,,,1.0,,,,1.0,,,,1.0,,,,1.0,,,,1.0,,,,1.0,,,,1.0,,,,1.0,,,,1.0,,,,1.0,,,,1.0,,,,1.0,,,,1.0,,,,1.0,,,,1.0,,,,1.0,,,,1.0,,,,1.0,,,,1.0,,,,1.0,,,,1.0,,,,1.0,,,,1.0,,,,1.0,,,,1.0,,,,1.0,,,,1.0,,,,1.0,,,,1.0,,,,1.0,,,,1.0
Calhoun County Correctional Center,,,,,,,,,,,,,,,,,,,,,,,,,,,,,,,,,,,,,,,,,,,,,,,,,,,,,,,,,,,,,,,,,,,,,,,,,,,,,,,,,,,,,,,,,,,,,,,2.0,,,2.0,,,2.0,,,2.0,,,2.0,,,2.0,,,2.0,,,2.0,,,2.0,,,,,,2.0,,1.0,0.0,2.0,,3.0,,5.0,,3.0,,5.0,,3.0,,5.0,,3.0,,5.0,,3.0,,5.0,,3.0,,5.0,,3.0,,5.0,,3.0,,5.0,,3.0,,5.0,,3.0,,5.0,,4.0,,6.0,,4.0,,6.0,,4.0,,6.0,,4.0,,6.0,,4.0,,6.0,,4.0,,6.0,,4.0,,6.0,,4.0,,6.0,,4.0,,6.0,,3.0,,6.0,,3.0,,6.0,,3.0,,6.0,,3.0,,6.0,,3.0,,6.0,,3.0,,6.0,,4.0,,7.0,,4.0,,7.0,,4.0,,7.0,,4.0,,7.0,,4.0,,7.0,,3.0,,7.0,,3.0,0.0,7.0,,3.0,0.0,7.0,,3.0,0.0,7.0,,3.0,0.0,7.0,,3.0,0.0,7.0,,3.0,0.0,7.0,,3.0,0.0,7.0,,3.0,0.0,7.0,,3.0,0.0,7.0,,5.0,0.0,11.0,,5.0,0.0,11.0,,5.0,0.0,11.0,,6.0,0.0,12.0,,6.0,0.0,12.0,,6.0,0.0,12.0,,6.0,0.0,12.0,,6.0,0.0,12.0,,5.0,0.0,12.0,,5.0,0.0,12.0,,5.0,0.0,12.0,,5.0,0.0,12.0,,5.0,0.0,12.0,,5.0,0.0,12.0,,5.0,0.0,12.0,,5.0,0.0,12.0,
Morrow County Correctional Facility,,,,,,,,,,,,,,,,,,,,,,,,,,,,,,,,,,,,,,,,,,,,,,,,,,,,,,,,,,,1.0,,,1.0,,,6.0,,,6.0,,,7.0,,,47.0,,,47.0,,,47.0,,,47.0,,,47.0,,,47.0,,,47.0,,,47.0,,,47.0,,,47.0,,,47.0,,,47.0,,,47.0,,,47.0,,,48.0,,,48.0,,,48.0,,,48.0,,26.0,0.0,48.0,,26.0,,48.0,,26.0,,48.0,,26.0,,48.0,,26.0,,48.0,,26.0,,48.0,,26.0,,48.0,,26.0,,48.0,,26.0,,48.0,,25.0,,48.0,,25.0,,48.0,,25.0,,48.0,,25.0,,48.0,,25.0,,48.0,,0.0,,48.0,,0.0,,48.0,,0.0,,48.0,,0.0,,48.0,,0.0,,48.0,,0.0,,48.0,,0.0,,48.0,,0.0,,48.0,,0.0,,48.0,,0.0,,48.0,,0.0,,48.0,,0.0,,48.0,,0.0,,48.0,,0.0,,48.0,,0.0,,48.0,,0.0,,48.0,,0.0,,48.0,,0.0,,48.0,,0.0,0.0,48.0,,0.0,0.0,48.0,,0.0,0.0,48.0,,0.0,0.0,48.0,,0.0,0.0,48.0,,0.0,0.0,48.0,,0.0,0.0,48.0,,0.0,0.0,48.0,,0.0,0.0,48.0,,0.0,0.0,48.0,,0.0,0.0,48.0,,0.0,0.0,48.0,,0.0,0.0,48.0,,0.0,0.0,48.0,,0.0,0.0,48.0,,0.0,0.0,48.0,,0.0,0.0,48.0,,0.0,0.0,48.0,,0.0,0.0,48.0,,0.0,0.0,48.0,,0.0,0.0,48.0,,0.0,0.0,48.0,,0.0,0.0,48.0,,0.0,0.0,48.0,,0.0,0.0,48.0,
Saint Clair County Jail,,,,,,,,,,,,,,,,,,,,,,,1.0,,,1.0,,,1.0,,,2.0,,,2.0,,,3.0,,,3.0,,,3.0,,,3.0,,,4.0,,,5.0,,,5.0,,,5.0,,,5.0,,,6.0,,,6.0,,,6.0,,,7.0,,,7.0,,,7.0,,,7.0,,,9.0,,,10.0,,,10.0,,,10.0,,,10.0,,,10.0,,,10.0,,,10.0,,,10.0,,,10.0,,,10.0,,,10.0,,,10.0,,,10.0,,5.0,0.0,10.0,,5.0,,10.0,,5.0,,10.0,,5.0,,10.0,,5.0,,10.0,,5.0,,10.0,,5.0,,10.0,,5.0,,10.0,,5.0,,10.0,,5.0,,10.0,,5.0,,10.0,,5.0,,10.0,,5.0,,10.0,,5.0,,10.0,,5.0,,10.0,,4.0,,10.0,,4.0,,10.0,,4.0,,10.0,,4.0,,10.0,,4.0,,10.0,,3.0,,10.0,,3.0,,10.0,,3.0,,10.0,,3.0,,10.0,,3.0,,10.0,,3.0,,10.0,,3.0,,10.0,,3.0,,10.0,,3.0,,10.0,,3.0,,10.0,,3.0,,10.0,,3.0,,10.0,,3.0,0.0,10.0,,3.0,0.0,10.0,,3.0,0.0,10.0,,3.0,0.0,10.0,,3.0,0.0,10.0,,3.0,0.0,10.0,,2.0,0.0,10.0,,2.0,0.0,10.0,,2.0,0.0,10.0,,2.0,0.0,10.0,,2.0,0.0,10.0,,2.0,0.0,10.0,,2.0,0.0,10.0,,2.0,0.0,10.0,,2.0,0.0,10.0,,2.0,0.0,10.0,,2.0,0.0,10.0,,2.0,0.0,10.0,,2.0,0.0,10.0,,2.0,0.0,10.0,,2.0,0.0,10.0,,3.0,0.0,11.0,,3.0,0.0,11.0,,3.0,0.0,11.0,,3.0,0.0,11.0,
El Paso Service Processing Center,,,,,,,,,,,,,,,,,,,,,,,,,,,,,,,,,,,,,,,,,,,,,,,4.0,,,5.0,,,5.0,,,5.0,,,7.0,,,7.0,,,8.0,1.0,,8.0,1.0,,8.0,1.0,,8.0,1.0,,8.0,1.0,,8.0,1.0,,8.0,1.0,,8.0,1.0,,9.0,1.0,,10.0,1.0,,10.0,1.0,,10.0,1.0,,12.0,1.0,,12.0,1.0,,13.0,1.0,,13.0,1.0,,21.0,1.0,,22.0,1.0,,22.0,1.0,,27.0,1.0,,30.0,1.0,38.0,0.0,44.0,1.0,42.0,,49.0,1.0,44.0,,51.0,1.0,44.0,,51.0,1.0,74.0,,82.0,1.0,74.0,,82.0,1.0,80.0,,88.0,1.0,80.0,,88.0,1.0,80.0,,88.0,1.0,78.0,,88.0,1.0,80.0,,90.0,1.0,82.0,,92.0,1.0,49.0,,93.0,1.0,72.0,,115.0,1.0,71.0,,117.0,1.0,71.0,,117.0,1.0,73.0,,119.0,1.0,73.0,,119.0,1.0,72.0,,119.0,1.0,72.0,,119.0,1.0,67.0,,119.0,1.0,20.0,,132.0,1.0,21.0,,133.0,1.0,21.0,,133.0,1.0,21.0,,133.0,1.0,24.0,,136.0,1.0,25.0,,137.0,1.0,32.0,,144.0,1.0,33.0,,154.0,1.0,33.0,,154.0,1.0,29.0,,154.0,1.0,22.0,,155.0,1.0,23.0,0.0,156.0,1.0,24.0,0.0,157.0,1.0,21.0,0.0,157.0,1.0,23.0,0.0,162.0,1.0,16.0,0.0,162.0,1.0,16.0,0.0,162.0,1.0,17.0,0.0,163.0,1.0,9.0,0.0,164.0,1.0,10.0,0.0,165.0,1.0,10.0,0.0,165.0,1.0,8.0,0.0,165.0,1.0,11.0,0.0,168.0,1.0,13.0,0.0,170.0,1.0,13.0,0.0,170.0,1.0,13.0,0.0,170.0,1.0,14.0,0.0,171.0,1.0,14.0,0.0,171.0,1.0,6.0,0.0,171.0,1.0,7.0,0.0,172.0,1.0,5.0,0.0,172.0,1.0,5.0,0.0,172.0,1.0,8.0,0.0,175.0,1.0,12.0,0.0,179.0,1.0,9.0,0.0,179.0,1.0,11.0,0.0,181.0,1.0
Otero County Processing Center,,,,,,,,,,,,,,,,,,,,,,,,,,,,,,,,1.0,,,1.0,,,1.0,,,1.0,,,1.0,,,2.0,,,1.0,,,1.0,,,2.0,,,2.0,,,2.0,,,3.0,,,4.0,,,6.0,,,6.0,,,10.0,,,12.0,,,12.0,,,12.0,,,20.0,,,36.0,,,36.0,,,38.0,,,55.0,,,58.0,,,58.0,,,58.0,,,66.0,,,92.0,,,92.0,,,92.0,,,92.0,,27.0,0.0,92.0,,27.0,,92.0,,27.0,,92.0,,27.0,,92.0,,27.0,,92.0,,4.0,,92.0,,4.0,,92.0,,4.0,,92.0,,11.0,,99.0,,22.0,,110.0,,22.0,,110.0,,22.0,,110.0,,23.0,,111.0,,55.0,,145.0,,52.0,,146.0,,52.0,,146.0,,37.0,,143.0,,38.0,,143.0,,27.0,,143.0,,27.0,,143.0,,27.0,,143.0,,1.0,,142.0,,1.0,,142.0,,1.0,,142.0,,1.0,,142.0,,1.0,,142.0,,1.0,,142.0,,1.0,,142.0,,0.0,,142.0,,0.0,,142.0,,0.0,,142.0,,0.0,,142.0,,0.0,0.0,142.0,,0.0,0.0,142.0,,7.0,0.0,149.0,,8.0,0.0,150.0,,8.0,0.0,150.0,,8.0,0.0,150.0,,8.0,0.0,150.0,,8.0,0.0,150.0,,8.0,0.0,150.0,,8.0,0.0,150.0,,0.0,0.0,150.0,,0.0,0.0,150.0,,0.0,0.0,150.0,,0.0,0.0,150.0,,0.0,0.0,150.0,,0.0,0.0,150.0,,0.0,0.0,150.0,,0.0,0.0,150.0,,0.0,0.0,150.0,,0.0,0.0,150.0,,0.0,0.0,150.0,,0.0,0.0,150.0,,0.0,0.0,150.0,,0.0,0.0,150.0,,0.0,0.0,150.0,
Torrance County Detention Center,,,,,,,,,,,,,,,,,,,,,,,,,,,,,,,,,,,,,,,,,,,,,,,,,,,,,,,,,,,,,,,,,,,,,,,,,,,,,,,,,,,,,,,,,,,,1.0,,,1.0,,,1.0,,,1.0,,,1.0,,,2.0,,,2.0,,,2.0,,,2.0,,,2.0,,,16.0,,,16.0,,17.0,0.0,17.0,,17.0,,17.0,,17.0,,17.0,,17.0,,17.0,,15.0,,17.0,,15.0,,17.0,,15.0,,17.0,,0.0,,18.0,,1.0,,19.0,,1.0,,19.0,,6.0,,24.0,,6.0,,24.0,,7.0,,25.0,,7.0,,25.0,,7.0,,25.0,,7.0,,25.0,,18.0,,37.0,,23.0,,42.0,,23.0,,42.0,,23.0,,42.0,,16.0,,42.0,,31.0,,55.0,,31.0,,55.0,,31.0,,55.0,,31.0,,55.0,,31.0,,55.0,,31.0,,55.0,,12.0,,55.0,,12.0,,55.0,,11.0,,55.0,,11.0,,55.0,,0.0,,55.0,,0.0,0.0,55.0,,0.0,0.0,55.0,,0.0,0.0,55.0,,0.0,0.0,55.0,,0.0,0.0,55.0,,0.0,0.0,55.0,,0.0,0.0,55.0,,0.0,0.0,55.0,,0.0,0.0,55.0,,0.0,0.0,55.0,,0.0,0.0,55.0,,0.0,0.0,55.0,,0.0,0.0,55.0,,0.0,0.0,55.0,,0.0,0.0,55.0,,0.0,0.0,55.0,,0.0,0.0,55.0,,0.0,0.0,55.0,,0.0,0.0,55.0,,0.0,0.0,55.0,,0.0,0.0,55.0,,0.0,0.0,55.0,,0.0,0.0,55.0,,0.0,0.0,55.0,,0.0,0.0,55.0,
Houston Contract Detention Facility,,,1.0,,,1.0,,,1.0,,,1.0,,,1.0,,,1.0,,,1.0,,,1.0,,,1.0,,,1.0,,,1.0,,,1.0,,,1.0,,,1.0,,,1.0,,,4.0,,,1.0,,,,,,2.0,,,2.0,,,2.0,,,4.0,,,2.0,,,4.0,,,4.0,,,4.0,,2.0,4.0,,8.0,2.0,,11.0,2.0,,18.0,2.0,,22.0,2.0,,22.0,4.0,,22.0,2.0,,25.0,2.0,,49.0,2.0,,49.0,2.0,,49.0,2.0,,49.0,2.0,,76.0,2.0,,76.0,2.0,,78.0,2.0,,78.0,2.0,42.0,0.0,78.0,2.0,29.0,,82.0,2.0,29.0,,82.0,2.0,29.0,,82.0,2.0,8.0,,82.0,2.0,24.0,,103.0,2.0,24.0,,103.0,2.0,21.0,,103.0,2.0,21.0,,103.0,2.0,21.0,,103.0,2.0,21.0,,103.0,2.0,21.0,,103.0,2.0,21.0,,103.0,2.0,21.0,,103.0,2.0,21.0,,104.0,2.0,21.0,,104.0,2.0,21.0,,104.0,2.0,1.0,,104.0,2.0,1.0,,104.0,2.0,3.0,,105.0,2.0,1.0,,105.0,2.0,2.0,,106.0,2.0,2.0,,106.0,2.0,3.0,,106.0,2.0,2.0,,106.0,2.0,18.0,,122.0,2.0,18.0,,122.0,2.0,18.0,,122.0,2.0,18.0,,122.0,2.0,18.0,,122.0,2.0,16.0,,122.0,2.0,18.0,,124.0,2.0,18.0,0.0,124.0,2.0,18.0,0.0,124.0,2.0,6.0,0.0,124.0,2.0,6.0,0.0,124.0,2.0,3.0,0.0,124.0,2.0,3.0,0.0,124.0,2.0,3.0,0.0,124.0,2.0,3.0,0.0,124.0,2.0,2.0,0.0,124.0,2.0,2.0,0.0,124.0,2.0,0.0,0.0,124.0,2.0,1.0,0.0,125.0,2.0,1.0,0.0,125.0,2.0,1.0,0.0,125.0,2.0,1.0,0.0,125.0,2.0,1.0,0.0,125.0,2.0,1.0,0.0,125.0,2.0,0.0,0.0,125.0,2.0,0.0,0.0,125.0,2.0,0.0,0.0,125.0,2.0,0.0,0.0,125.0,2.0,0.0,0.0,125.0,2.0,0.0,0.0,125.0,2.0,0.0,0.0,125.0,2.0,0.0,0.0,125.0,2.0
IAH Polk Adult Detention Facility,,,,,,,,,,,,,,,,,,,,,,,,,,,,,,,,1.0,,,1.0,,,1.0,,,1.0,,,1.0,,,1.0,,,1.0,,,1.0,,,1.0,,,1.0,,,1.0,,,1.0,,,1.0,,,1.0,,,3.0,,,9.0,,,9.0,,,12.0,,,12.0,,,14.0,,,16.0,,,16.0,,,16.0,,,16.0,,,16.0,,,16.0,,,16.0,,,16.0,,,16.0,,,16.0,,,16.0,,,16.0,,0.0,0.0,16.0,,0.0,,16.0,,0.0,,16.0,,0.0,,16.0,,0.0,,16.0,,0.0,,16.0,,0.0,,16.0,,0.0,,16.0,,0.0,,16.0,,0.0,,16.0,,0.0,,16.0,,0.0,,16.0,,0.0,,16.0,,0.0,,16.0,,0.0,,16.0,,0.0,,16.0,,0.0,,16.0,,0.0,,16.0,,0.0,,16.0,,0.0,,16.0,,0.0,,16.0,,0.0,,16.0,,0.0,,16.0,,0.0,,16.0,,0.0,,16.0,,0.0,,16.0,,0.0,,16.0,,0.0,,16.0,,0.0,,16.0,,0.0,,16.0,,0.0,,16.0,,0.0,,16.0,,0.0,0.0,16.0,,0.0,0.0,16.0,,0.0,0.0,16.0,,0.0,0.0,16.0,,0.0,0.0,16.0,,0.0,0.0,16.0,,0.0,0.0,16.0,,0.0,0.0,17.0,,2.0,0.0,18.0,,2.0,0.0,18.0,,2.0,0.0,18.0,,2.0,0.0,18.0,,2.0,0.0,18.0,,2.0,0.0,18.0,,2.0,0.0,18.0,,2.0,0.0,18.0,,2.0,0.0,18.0,,2.0,0.0,18.0,,2.0,0.0,18.0,,2.0,0.0,18.0,,3.0,0.0,19.0,,3.0,0.0,19.0,,3.0,0.0,19.0,,3.0,0.0,19.0,,3.0,0.0,19.0,
Joe Corley Detention Center,,,,,,,,,,,,,,,,,,,,,,,,,,,,,,,,,,,,,,,,,,,,,,,,,,,,,,,,,,,,,,,,,5.0,,,14.0,,,15.0,,,17.0,,,21.0,,,21.0,,,25.0,,,25.0,,,29.0,,,32.0,,1.0,32.0,,,32.0,,,34.0,,1.0,36.0,,1.0,41.0,,,41.0,,1.0,41.0,,1.0,43.0,,1.0,43.0,,,43.0,,1.0,43.0,,26.0,0.0,41.0,,22.0,,41.0,,22.0,,41.0,,22.0,,41.0,,10.0,0.0,41.0,,3.0,1.0,41.0,,3.0,,41.0,,3.0,,41.0,,3.0,1.0,42.0,,2.0,1.0,42.0,,2.0,0.0,42.0,,2.0,,42.0,,1.0,,42.0,,1.0,,42.0,,1.0,0.0,42.0,,1.0,,42.0,,1.0,,42.0,,1.0,1.0,42.0,,1.0,1.0,42.0,,1.0,,42.0,,1.0,,42.0,,1.0,,42.0,,1.0,,42.0,,1.0,,42.0,,1.0,,42.0,,1.0,,42.0,,2.0,,43.0,,4.0,,45.0,,4.0,,45.0,,4.0,,45.0,,6.0,,47.0,,6.0,,47.0,,6.0,0.0,47.0,,6.0,0.0,47.0,,7.0,0.0,48.0,,8.0,0.0,49.0,,8.0,0.0,49.0,,8.0,0.0,49.0,,9.0,0.0,50.0,,9.0,0.0,50.0,,9.0,0.0,50.0,,9.0,0.0,50.0,,9.0,0.0,50.0,,9.0,0.0,50.0,,9.0,0.0,50.0,,9.0,0.0,50.0,,9.0,0.0,50.0,,9.0,0.0,50.0,,9.0,0.0,50.0,,6.0,0.0,50.0,,6.0,0.0,50.0,,6.0,0.0,50.0,,6.0,0.0,50.0,,6.0,0.0,50.0,,6.0,0.0,50.0,,6.0,0.0,50.0,,6.0,0.0,50.0,
Montgomery Processing Center (Houston),,,,,,,,,,,,,,,,,,,,,,,,,,,,,,,,,,,,,,,,,,,,,,,1.0,3.0,,2.0,,,3.0,,,3.0,,,3.0,,,3.0,,,3.0,3.0,,3.0,,,3.0,3.0,,3.0,3.0,,4.0,3.0,,4.0,3.0,,4.0,,,4.0,,,4.0,,,4.0,,,4.0,3.0,,4.0,,,4.0,,,4.0,3.0,,4.0,,,5.0,,,5.0,,,8.0,,,13.0,,,19.0,,,21.0,,19.0,0.0,22.0,,36.0,,39.0,,40.0,,43.0,,40.0,,43.0,,46.0,,53.0,,43.0,,62.0,,40.0,,70.0,,55.0,,92.0,,70.0,,110.0,,70.0,,112.0,,68.0,,115.0,,72.0,,121.0,,64.0,,123.0,,37.0,,125.0,,16.0,,133.0,,19.0,,133.0,,18.0,,133.0,,24.0,,139.0,,48.0,,167.0,,62.0,,181.0,,64.0,,184.0,,70.0,,202.0,,23.0,,202.0,,23.0,,202.0,,22.0,,202.0,,7.0,,204.0,,6.0,,205.0,,7.0,,206.0,,7.0,,206.0,,5.0,,206.0,,5.0,,206.0,,4.0,,206.0,,2.0,0.0,206.0,,1.0,0.0,206.0,,1.0,0.0,206.0,,1.0,0.0,206.0,,1.0,0.0,206.0,,1.0,0.0,206.0,,1.0,0.0,206.0,,1.0,0.0,206.0,,0.0,0.0,206.0,,0.0,0.0,206.0,,0.0,0.0,206.0,,0.0,0.0,206.0,,0.0,0.0,206.0,,0.0,0.0,206.0,,0.0,0.0,206.0,,0.0,0.0,206.0,,0.0,0.0,206.0,,0.0,0.0,206.0,,1.0,0.0,207.0,,1.0,0.0,207.0,,1.0,0.0,207.0,,1.0,0.0,207.0,,1.0,0.0,207.0,,0.0,0.0,207.0,,0.0,0.0,207.0,
Adelanto ICE Processing Center,,,,,,,,,,,,,,,,,,,,,,,,,,,,,,,,,,,,,,,,,,,,,,,,,,,,,,,,,,,,,,,,,,,,,,,,,,,,,,,,,,,,1.0,,,1.0,,,1.0,,,1.0,,,1.0,,,1.0,,,1.0,,,1.0,,,1.0,,,1.0,,,1.0,,,1.0,,,1.0,,,1.0,,,1.0,2.0,0.0,2.0,1.0,2.0,,2.0,1.0,2.0,,2.0,1.0,2.0,,2.0,1.0,3.0,,3.0,1.0,3.0,,3.0,1.0,3.0,,3.0,1.0,3.0,,3.0,1.0,3.0,,3.0,1.0,3.0,,3.0,1.0,3.0,,3.0,1.0,6.0,,6.0,1.0,4.0,,6.0,1.0,8.0,,8.0,1.0,8.0,,8.0,1.0,8.0,,8.0,1.0,8.0,,10.0,1.0,8.0,,10.0,1.0,8.0,,10.0,1.0,8.0,,10.0,1.0,8.0,,10.0,1.0,11.0,,14.0,1.0,11.0,,14.0,1.0,11.0,,14.0,1.0,11.0,,14.0,1.0,11.0,,14.0,1.0,0.0,,14.0,1.0,0.0,,8.0,1.0,1.0,,9.0,1.0,2.0,,10.0,1.0,2.0,,10.0,1.0,2.0,,10.0,1.0,2.0,0.0,10.0,1.0,2.0,0.0,10.0,1.0,2.0,0.0,10.0,1.0,2.0,0.0,10.0,1.0,2.0,0.0,10.0,1.0,2.0,0.0,10.0,1.0,3.0,0.0,11.0,1.0,3.0,0.0,11.0,1.0,3.0,0.0,11.0,1.0,3.0,0.0,11.0,1.0,3.0,0.0,11.0,,4.0,0.0,12.0,,4.0,0.0,12.0,,2.0,0.0,12.0,,2.0,0.0,12.0,,3.0,0.0,13.0,,3.0,0.0,13.0,,2.0,0.0,13.0,,2.0,0.0,13.0,,2.0,0.0,13.0,,2.0,0.0,13.0,,2.0,0.0,13.0,,2.0,0.0,13.0,,2.0,0.0,13.0,,2.0,0.0,13.0,
Los Angeles Staging Facility (LASF),,,,,,,,,,,,,,,,,,,,,,,,,,,,,,,,,,,,,,,,,,,,,,,,,,,,,,,,,,,,,,,,,,,,,,,,,,,,,,,,,,,,,,,,,,,,,,,,,,,,,,,,,,,,,,,,,,,,,,,,,,,,,,,0.0,0.0,1.0,,0.0,,1.0,,0.0,,1.0,,0.0,,1.0,,0.0,,1.0,,0.0,,1.0,,0.0,,1.0,,0.0,,1.0,,0.0,,1.0,,0.0,,1.0,,0.0,,1.0,,0.0,,1.0,,0.0,,1.0,,0.0,,1.0,,0.0,,1.0,,0.0,,1.0,,0.0,,1.0,,0.0,,1.0,,0.0,,1.0,,0.0,,1.0,,0.0,,1.0,,0.0,,1.0,,0.0,,1.0,,0.0,,1.0,,0.0,,1.0,,0.0,,1.0,,0.0,,1.0,,0.0,,1.0,,0.0,,1.0,,0.0,,1.0,,0.0,,1.0,,0.0,,1.0,,,,,,,,,,,,,,,,,,,,,,,,,,,,,,,,,,,,,,,,,,,,,,,,,,,,,,,,,,,,,,,,,,,,,,,,,,,,,,,,,,,,,,,,,,,,,,,,,,,,,
Baker County Detention Center,,,,,,,,,,,,,,,,,,,,,,,,,,,,,,,,,,,,,,,,,,,,,,,,,,,,,,,,,,,,,,,,,,,,,,,,,,,,,,,,,,,,,,,,,,,,,,,,,,,,,,,,,,,,,,,,,,,,,,,,,,,,,,,,,,,,,,,,,,,,,,,,,,,,,,,,,,,,,,,,,,,,,,,,,,,,,,,,,,,,,,,,,,,,,,,,,,,,,,,,,,,,,,,,,,,,,,,,,,,,,,,,,,,,,,,,,,,,,,,,,,,1.0,,1.0,,2.0,,2.0,,2.0,,2.0,,2.0,0.0,2.0,,2.0,0.0,2.0,,3.0,0.0,3.0,,3.0,0.0,3.0,,3.0,0.0,3.0,,3.0,0.0,3.0,,3.0,0.0,3.0,,3.0,0.0,3.0,,0.0,0.0,3.0,,0.0,0.0,3.0,,0.0,0.0,3.0,,0.0,0.0,3.0,,0.0,0.0,3.0,,0.0,0.0,3.0,,0.0,0.0,3.0,,0.0,0.0,3.0,,0.0,0.0,3.0,,0.0,0.0,3.0,,0.0,0.0,3.0,,0.0,0.0,3.0,,0.0,0.0,3.0,,0.0,0.0,3.0,,1.0,0.0,4.0,,1.0,0.0,4.0,,1.0,0.0,4.0,
Broward Transitional Center,,,,,,,,,,,,,,,,,,,,,,,,,,,,,,,,,,,,,,,,,,,,,,,,,,,,,,,,,,,,,,,,,,,,,,,,,,,,,,,,1.0,,,1.0,,,1.0,,,2.0,,,2.0,,,,,,3.0,,,19.0,,,19.0,,,19.0,,,19.0,,,19.0,,,19.0,,,19.0,,,19.0,,,19.0,,20.0,0.0,20.0,,19.0,,20.0,,19.0,,20.0,,19.0,,21.0,,19.0,,21.0,,22.0,,24.0,,22.0,,24.0,,22.0,,24.0,,22.0,,24.0,,22.0,,24.0,,22.0,,24.0,,22.0,,24.0,,23.0,,25.0,,8.0,,25.0,,6.0,,25.0,,6.0,,25.0,,6.0,,25.0,,6.0,,25.0,,7.0,,26.0,,7.0,,26.0,,7.0,,26.0,,9.0,,28.0,,9.0,,29.0,,9.0,,29.0,,9.0,,29.0,,11.0,,32.0,,13.0,,34.0,,13.0,,34.0,,13.0,,34.0,,8.0,,35.0,,8.0,,35.0,,8.0,,35.0,,9.0,0.0,36.0,,9.0,0.0,36.0,,10.0,0.0,37.0,,10.0,0.0,37.0,,6.0,0.0,37.0,,6.0,0.0,37.0,,6.0,0.0,37.0,,12.0,0.0,43.0,,28.0,0.0,59.0,,35.0,0.0,66.0,,30.0,0.0,66.0,,32.0,0.0,68.0,,35.0,0.0,71.0,,35.0,0.0,72.0,,35.0,0.0,72.0,,35.0,0.0,72.0,,52.0,0.0,89.0,,42.0,0.0,90.0,,35.0,0.0,91.0,,32.0,0.0,91.0,,32.0,0.0,91.0,,34.0,0.0,93.0,,39.0,0.0,98.0,,40.0,0.0,99.0,,44.0,0.0,108.0,
Glades County Detention Center,,,,,,,,,,,,,,,,,,,,,,,,,,,,,,,,,,,,,,,,,,,,,,,,,,,,,,,,,,,,,,,,,,,,,,,,,,,,,,,,,,,,,,,,,,,,,,,,,,,,,,,,,,,,,,,,,,,,,,,,,,2.0,,,,,2.0,0.0,2.0,,51.0,,52.0,,59.0,,60.0,,59.0,,60.0,,60.0,,61.0,,60.0,,61.0,,61.0,,62.0,,61.0,,62.0,,61.0,,63.0,,59.0,,63.0,,59.0,,63.0,,59.0,,63.0,,60.0,,64.0,,60.0,,64.0,,60.0,,64.0,,60.0,,64.0,,62.0,,66.0,,14.0,,78.0,,48.0,,112.0,,48.0,,112.0,,48.0,,111.0,,49.0,,112.0,,49.0,,114.0,,49.0,,114.0,,49.0,,114.0,,51.0,,116.0,,56.0,1.0,122.0,,46.0,1.0,124.0,,13.0,1.0,124.0,,11.0,1.0,127.0,,20.0,1.0,136.0,,11.0,1.0,137.0,,11.0,1.0,138.0,,12.0,1.0,139.0,,13.0,1.0,140.0,,13.0,1.0,140.0,,3.0,1.0,141.0,,3.0,1.0,141.0,,3.0,1.0,141.0,,11.0,1.0,149.0,,11.0,1.0,149.0,,11.0,1.0,149.0,,11.0,1.0,149.0,,11.0,1.0,149.0,,11.0,1.0,149.0,,12.0,1.0,150.0,,12.0,1.0,150.0,,12.0,1.0,150.0,,8.0,1.0,150.0,,9.0,1.0,151.0,,9.0,1.0,151.0,,10.0,1.0,152.0,,10.0,1.0,152.0,,10.0,1.0,152.0,,10.0,1.0,152.0,,11.0,1.0,153.0,,11.0,1.0,153.0,
Krome North Service Processing Center,,,,,,,,,,,,,,,,,,,,,,,,,,,,,1.0,,,1.0,,,1.0,,,1.0,,,1.0,,,2.0,,,2.0,8.0,,2.0,,,2.0,,,2.0,,,4.0,,,4.0,,,4.0,8.0,,7.0,,,9.0,8.0,,10.0,8.0,,10.0,8.0,,10.0,8.0,,11.0,,,11.0,8.0,,11.0,,,13.0,8.0,,13.0,,,13.0,,,13.0,,,13.0,,,13.0,,,13.0,,,13.0,,,13.0,,,13.0,,,14.0,,,15.0,,2.0,0.0,15.0,,3.0,,16.0,,7.0,,20.0,,7.0,,20.0,,7.0,,23.0,,7.0,,23.0,,8.0,,24.0,,8.0,,24.0,,8.0,,24.0,,8.0,,24.0,,8.0,,24.0,,8.0,,24.0,,5.0,,24.0,,15.0,,34.0,,15.0,,34.0,,15.0,,34.0,,17.0,,36.0,,18.0,,37.0,,5.0,,37.0,,5.0,,37.0,,3.0,,37.0,,7.0,,41.0,,7.0,,41.0,,13.0,,47.0,,13.0,,47.0,,27.0,,61.0,,30.0,,64.0,,35.0,,69.0,,35.0,,69.0,,36.0,,70.0,,57.0,,91.0,,57.0,,91.0,,67.0,0.0,101.0,,68.0,0.0,102.0,,15.0,0.0,105.0,,18.0,0.0,108.0,,26.0,0.0,119.0,,26.0,0.0,119.0,,29.0,0.0,127.0,,32.0,0.0,130.0,,34.0,0.0,132.0,,34.0,0.0,132.0,,33.0,0.0,132.0,,41.0,0.0,150.0,,41.0,0.0,150.0,,29.0,0.0,147.0,,29.0,0.0,147.0,,30.0,0.0,148.0,,31.0,0.0,156.0,,31.0,0.0,156.0,,19.0,0.0,163.0,,19.0,0.0,163.0,,19.0,0.0,163.0,,21.0,0.0,165.0,,21.0,0.0,165.0,,14.0,0.0,168.0,,15.0,0.0,169.0,
Wakulla County Jail,,,,,,,,,,,,,,,,,,,,,,,,,,,,,,,,,,,,,,,,,,,,,,,,,,,,,,,,,,,,,,,,,,,,,,,,,,,,,,,,,,,,,,,,,,,,,,,,,,,,,,,,,,,,,,,,,,,,,,,,,,,,,,,,,,,,,,,,,,,,,,,,,,,,,,,,,,,,,,,,,,,,,,,,,,,,,,,,,,,,,,,1.0,,1.0,,1.0,,1.0,,1.0,,1.0,,1.0,,1.0,,1.0,,1.0,,1.0,,1.0,,1.0,,1.0,,1.0,,1.0,,1.0,,1.0,,1.0,,1.0,,1.0,,1.0,,1.0,,1.0,,1.0,,1.0,,1.0,,1.0,,0.0,,1.0,,0.0,,1.0,,0.0,,1.0,,0.0,,1.0,,0.0,0.0,1.0,,0.0,0.0,1.0,,0.0,0.0,1.0,,0.0,0.0,1.0,,0.0,0.0,1.0,,0.0,0.0,1.0,,1.0,0.0,2.0,,1.0,0.0,2.0,,1.0,0.0,2.0,,1.0,0.0,2.0,,1.0,0.0,2.0,,5.0,0.0,6.0,,14.0,0.0,15.0,,25.0,0.0,26.0,,25.0,0.0,26.0,,27.0,0.0,28.0,,28.0,0.0,29.0,,27.0,0.0,29.0,,24.0,0.0,28.0,,24.0,0.0,28.0,,9.0,0.0,28.0,,9.0,0.0,28.0,,9.0,0.0,28.0,,9.0,0.0,28.0,,6.0,0.0,28.0,
Elizabeth Detention Center,,,1.0,,,1.0,,,1.0,,,1.0,,,1.0,,,1.0,,,1.0,,7.0,1.0,,7.0,1.0,,7.0,1.0,,7.0,2.0,,7.0,2.0,,7.0,2.0,,7.0,2.0,,7.0,2.0,,13.0,2.0,,13.0,2.0,,13.0,2.0,,13.0,2.0,,13.0,2.0,,13.0,2.0,,13.0,2.0,,13.0,2.0,,17.0,2.0,,18.0,2.0,,18.0,2.0,,18.0,2.0,,18.0,2.0,,18.0,2.0,,18.0,2.0,,18.0,2.0,,18.0,2.0,,18.0,2.0,,18.0,2.0,,18.0,2.0,,18.0,2.0,,18.0,,,18.0,2.0,,18.0,2.0,,18.0,2.0,,18.0,2.0,,18.0,2.0,0.0,0.0,18.0,2.0,0.0,,18.0,2.0,0.0,,18.0,2.0,0.0,,18.0,2.0,0.0,,18.0,2.0,0.0,,18.0,2.0,0.0,,18.0,2.0,0.0,,18.0,2.0,0.0,,18.0,2.0,0.0,,18.0,2.0,0.0,,18.0,2.0,0.0,,18.0,2.0,0.0,,18.0,2.0,0.0,,18.0,2.0,0.0,,18.0,2.0,0.0,,18.0,2.0,0.0,,18.0,2.0,0.0,,18.0,2.0,0.0,,18.0,2.0,0.0,,18.0,2.0,0.0,,18.0,2.0,0.0,,18.0,2.0,0.0,,18.0,2.0,0.0,,18.0,2.0,0.0,,18.0,2.0,0.0,,18.0,2.0,0.0,,18.0,2.0,0.0,,18.0,2.0,0.0,,18.0,2.0,0.0,,18.0,2.0,0.0,,18.0,2.0,0.0,,18.0,2.0,0.0,0.0,18.0,2.0,0.0,0.0,18.0,2.0,0.0,0.0,18.0,2.0,0.0,0.0,18.0,2.0,0.0,0.0,18.0,2.0,0.0,0.0,18.0,2.0,0.0,0.0,18.0,2.0,0.0,0.0,18.0,2.0,0.0,0.0,18.0,2.0,0.0,0.0,18.0,2.0,0.0,0.0,18.0,2.0,0.0,0.0,18.0,2.0,0.0,0.0,18.0,2.0,0.0,0.0,18.0,2.0,0.0,0.0,18.0,2.0,0.0,0.0,18.0,2.0,0.0,0.0,18.0,2.0,0.0,0.0,18.0,2.0,0.0,0.0,18.0,2.0,0.0,0.0,18.0,2.0,0.0,0.0,18.0,2.0,0.0,0.0,18.0,2.0,0.0,0.0,18.0,2.0,0.0,0.0,18.0,2.0,0.0,0.0,18.0,2.0
Essex County Jail,,1.0,,,1.0,,,1.0,,,1.0,,,1.0,,,1.0,,,2.0,,,2.0,,,2.0,,,2.0,,,2.0,,,2.0,,,2.0,,,2.0,,,2.0,,,2.0,43.0,,2.0,1.0,,2.0,1.0,,2.0,1.0,,2.0,1.0,,2.0,1.0,,3.0,43.0,,3.0,1.0,,3.0,43.0,,3.0,43.0,,3.0,1.0,,3.0,43.0,,3.0,1.0,,3.0,1.0,,3.0,1.0,,3.0,1.0,,3.0,1.0,,3.0,1.0,,3.0,1.0,,3.0,1.0,,3.0,1.0,,3.0,,,3.0,1.0,,8.0,1.0,,8.0,1.0,,8.0,1.0,,8.0,1.0,7.0,0.0,8.0,1.0,7.0,,8.0,1.0,7.0,,8.0,1.0,7.0,,8.0,1.0,7.0,,8.0,1.0,7.0,,8.0,1.0,7.0,,8.0,1.0,7.0,,8.0,1.0,7.0,,8.0,1.0,7.0,,8.0,1.0,7.0,,8.0,1.0,7.0,,8.0,1.0,7.0,,8.0,1.0,7.0,,8.0,1.0,7.0,,8.0,1.0,7.0,,8.0,1.0,7.0,,8.0,1.0,7.0,,8.0,1.0,7.0,,8.0,1.0,7.0,,8.0,1.0,6.0,,8.0,1.0,6.0,,8.0,1.0,6.0,,8.0,1.0,6.0,,8.0,1.0,6.0,,8.0,1.0,6.0,,8.0,1.0,6.0,,8.0,1.0,6.0,,8.0,1.0,6.0,,8.0,1.0,6.0,,8.0,1.0,6.0,,8.0,1.0,5.0,,8.0,1.0,5.0,0.0,8.0,1.0,5.0,0.0,8.0,1.0,5.0,0.0,8.0,1.0,5.0,0.0,8.0,1.0,5.0,0.0,8.0,1.0,5.0,0.0,8.0,1.0,4.0,0.0,8.0,1.0,4.0,0.0,8.0,1.0,4.0,0.0,8.0,1.0,4.0,0.0,8.0,1.0,4.0,0.0,8.0,1.0,4.0,0.0,8.0,1.0,4.0,0.0,8.0,1.0,4.0,0.0,8.0,1.0,4.0,0.0,8.0,1.0,4.0,0.0,8.0,1.0,4.0,0.0,8.0,1.0,4.0,0.0,8.0,1.0,4.0,0.0,8.0,1.0,0.0,0.0,8.0,1.0,0.0,0.0,8.0,1.0,0.0,0.0,8.0,1.0,0.0,0.0,8.0,1.0,0.0,0.0,8.0,1.0,0.0,0.0,8.0,1.0
Adams County Correctional Center,,,,,,,,,,,,,,,,,,,,,,,,,,,,,,,,1.0,,,1.0,,,5.0,,,5.0,,,5.0,,,8.0,,,9.0,,,9.0,,,9.0,,,12.0,,,12.0,,,12.0,,,14.0,,,14.0,,,15.0,,,15.0,,,15.0,,,15.0,,,15.0,,,15.0,,,15.0,,,15.0,,,15.0,,,15.0,,,15.0,,,15.0,,,15.0,,,15.0,,,15.0,,,15.0,,,15.0,,,15.0,,3.0,0.0,17.0,,3.0,,17.0,,3.0,,17.0,,3.0,,17.0,,17.0,,31.0,,17.0,,31.0,,17.0,,31.0,,17.0,,31.0,,17.0,,31.0,,20.0,,34.0,,20.0,,34.0,,21.0,,35.0,,21.0,,35.0,,21.0,,35.0,,21.0,,35.0,,21.0,,35.0,,21.0,,35.0,,21.0,,35.0,,21.0,,35.0,,21.0,,35.0,,0.0,,35.0,,0.0,,35.0,,0.0,,35.0,,0.0,,35.0,,0.0,,35.0,,0.0,,35.0,,0.0,,35.0,,0.0,,35.0,,0.0,,35.0,,0.0,,35.0,,0.0,,35.0,,0.0,,36.0,,0.0,0.0,36.0,,4.0,0.0,40.0,,4.0,0.0,40.0,,4.0,0.0,40.0,,4.0,0.0,40.0,,4.0,0.0,40.0,,5.0,0.0,41.0,,5.0,0.0,41.0,,5.0,0.0,41.0,,5.0,0.0,41.0,,5.0,0.0,41.0,,5.0,0.0,41.0,,5.0,0.0,41.0,,5.0,0.0,41.0,,5.0,0.0,41.0,,5.0,0.0,41.0,,5.0,0.0,41.0,,7.0,0.0,43.0,,7.0,0.0,43.0,,7.0,0.0,43.0,,7.0,0.0,43.0,,7.0,0.0,43.0,,25.0,0.0,61.0,,29.0,0.0,66.0,,30.0,0.0,67.0,
Alexandria Staging Facility,,,,,,,,,,,,,,,1.0,,,2.0,,,5.0,,,5.0,,,5.0,,,9.0,,,11.0,,,13.0,,,13.0,,,13.0,,,13.0,,,13.0,,,14.0,,,14.0,,,14.0,,,14.0,,,14.0,,,14.0,,,14.0,,,14.0,,,14.0,,,14.0,,,14.0,,,15.0,,,15.0,,,15.0,,,15.0,,,15.0,,,15.0,,,15.0,,,15.0,,,15.0,,,15.0,,,15.0,,,15.0,,,15.0,,,15.0,,,15.0,55.0,0.0,55.0,15.0,56.0,,56.0,15.0,56.0,,56.0,15.0,56.0,,56.0,15.0,58.0,,58.0,15.0,58.0,,58.0,15.0,54.0,,59.0,15.0,26.0,,59.0,15.0,12.0,,59.0,15.0,13.0,,60.0,15.0,13.0,,60.0,15.0,8.0,,60.0,15.0,4.0,,60.0,15.0,7.0,,60.0,15.0,11.0,,69.0,15.0,12.0,,70.0,15.0,12.0,,70.0,15.0,18.0,,76.0,15.0,18.0,,76.0,15.0,18.0,,76.0,15.0,18.0,,76.0,15.0,22.0,,80.0,15.0,22.0,,80.0,15.0,27.0,,85.0,15.0,27.0,,85.0,15.0,31.0,,89.0,15.0,332.0,,90.0,15.0,332.0,,90.0,15.0,32.0,,90.0,15.0,32.0,,90.0,15.0,17.0,,92.0,15.0,17.0,,92.0,15.0,20.0,0.0,90.0,15.0,21.0,0.0,91.0,15.0,30.0,0.0,100.0,15.0,31.0,0.0,101.0,15.0,31.0,0.0,101.0,15.0,31.0,0.0,101.0,15.0,35.0,0.0,107.0,15.0,29.0,0.0,109.0,15.0,32.0,0.0,112.0,15.0,34.0,0.0,114.0,15.0,34.0,0.0,114.0,15.0,39.0,0.0,119.0,15.0,39.0,0.0,119.0,15.0,39.0,0.0,119.0,15.0,39.0,0.0,119.0,15.0,41.0,0.0,123.0,15.0,41.0,0.0,123.0,15.0,16.0,0.0,123.0,15.0,18.0,0.0,125.0,15.0,22.0,0.0,129.0,15.0,23.0,0.0,130.0,15.0,23.0,0.0,130.0,15.0,23.0,0.0,130.0,15.0,24.0,0.0,131.0,15.0,24.0,0.0,131.0,15.0
Catahoula Correctional Center,,,,,,,,,,,,,,,,,,,,,,,,,,,,,,,,,,,,,,,,,,,,,,,1.0,,,1.0,,,1.0,,,1.0,,,3.0,,,3.0,,,7.0,,,7.0,,,7.0,,,9.0,,,9.0,,,9.0,,,15.0,,,15.0,,,20.0,,,39.0,,,52.0,,,53.0,,,60.0,,,60.0,,,60.0,,,60.0,,,60.0,,,60.0,,,60.0,,,60.0,,,60.0,,33.0,0.0,51.0,,33.0,,52.0,,33.0,,53.0,,33.0,,53.0,,33.0,,53.0,,33.0,,53.0,,33.0,,53.0,,33.0,,53.0,,33.0,,53.0,,33.0,,53.0,,33.0,,53.0,,33.0,,53.0,,57.0,,77.0,,57.0,,77.0,,57.0,,77.0,,57.0,,77.0,,57.0,,77.0,,57.0,,77.0,,57.0,,77.0,,57.0,,77.0,,25.0,,77.0,,26.0,,78.0,,56.0,,108.0,,56.0,,108.0,,56.0,,108.0,,59.0,,111.0,,59.0,,111.0,,59.0,,111.0,,59.0,,111.0,,59.0,,111.0,,59.0,,111.0,,11.0,,111.0,,11.0,0.0,113.0,,11.0,0.0,113.0,,11.0,0.0,113.0,,14.0,0.0,116.0,,14.0,0.0,116.0,,14.0,0.0,116.0,,14.0,0.0,116.0,,14.0,0.0,116.0,,14.0,0.0,116.0,,14.0,0.0,116.0,,14.0,0.0,116.0,,14.0,0.0,116.0,,14.0,0.0,116.0,,14.0,0.0,116.0,,14.0,0.0,116.0,,15.0,0.0,117.0,,15.0,0.0,117.0,,14.0,0.0,117.0,,14.0,0.0,117.0,,14.0,0.0,116.0,,14.0,0.0,116.0,,14.0,0.0,116.0,,14.0,0.0,117.0,,14.0,0.0,117.0,,14.0,0.0,117.0,
Etowah County Jail,,,,,,,,,,,,,,,,,,,,,,,,,,,,,,,,,,,,,,,,,,,,,,,,,,,,,,,,,,,,,,,,,,,,,,,1.0,,,1.0,,,1.0,,,1.0,,,1.0,,,1.0,,,1.0,,,1.0,,,1.0,,,1.0,,,1.0,,,1.0,,,1.0,,,1.0,,,1.0,,,1.0,,,1.0,,,1.0,,,1.0,,1.0,0.0,1.0,,1.0,,1.0,,1.0,,1.0,,1.0,,1.0,,0.0,,1.0,,0.0,,1.0,,0.0,,1.0,,0.0,,1.0,0.0,0.0,,1.0,0.0,0.0,,1.0,0.0,0.0,,1.0,0.0,0.0,,1.0,0.0,0.0,,1.0,0.0,0.0,,1.0,0.0,0.0,,1.0,0.0,0.0,,1.0,0.0,0.0,,1.0,0.0,0.0,,1.0,0.0,0.0,,1.0,0.0,0.0,,1.0,0.0,0.0,,1.0,0.0,0.0,,1.0,0.0,0.0,,1.0,0.0,5.0,,6.0,0.0,5.0,,6.0,0.0,17.0,,18.0,0.0,17.0,,18.0,0.0,17.0,,18.0,0.0,18.0,,19.0,0.0,18.0,,19.0,0.0,20.0,,20.0,0.0,20.0,,21.0,0.0,20.0,0.0,21.0,,20.0,0.0,21.0,,20.0,0.0,21.0,,20.0,0.0,21.0,,20.0,0.0,21.0,,20.0,0.0,21.0,,19.0,0.0,21.0,,19.0,0.0,21.0,,19.0,0.0,21.0,,19.0,0.0,21.0,,19.0,0.0,21.0,,19.0,0.0,21.0,,19.0,0.0,21.0,,19.0,0.0,21.0,,19.0,0.0,21.0,,19.0,0.0,21.0,,20.0,0.0,22.0,,19.0,0.0,22.0,,19.0,0.0,22.0,,19.0,0.0,22.0,,19.0,0.0,22.0,,19.0,0.0,22.0,,19.0,0.0,22.0,,19.0,0.0,22.0,,19.0,0.0,22.0,
Jackson Parish Correctional,,,,,,,,,,,,,,,,,,,,,,,,,,,,,,,,,,,,,,,,,,,,,,,,,,,,,,,,,,,,,,,,,,,,,,,,,,,,,,,,,,,,,,,,,,,,,,,,,,,,,,,,,,,,,,,,,,,,,,,,,,,,,,,,,,,,,,,,,,,,,,,,,,,,,,,,,,,,,,,,,,,,,,,,,,,,,,,,,,,,,,,,,,,,,,,1.0,,1.0,,2.0,,2.0,,2.0,,2.0,,2.0,,2.0,,2.0,,2.0,,2.0,,2.0,,2.0,,2.0,,2.0,,2.0,,2.0,,2.0,,3.0,,3.0,,3.0,,3.0,,3.0,,3.0,,3.0,,3.0,,3.0,,3.0,,3.0,,3.0,,3.0,,3.0,,3.0,0.0,4.0,,3.0,0.0,4.0,,3.0,0.0,4.0,,3.0,0.0,4.0,,3.0,0.0,4.0,,3.0,0.0,4.0,,3.0,0.0,5.0,,3.0,0.0,5.0,,3.0,0.0,5.0,,3.0,0.0,5.0,,3.0,0.0,5.0,,3.0,0.0,5.0,,3.0,0.0,5.0,,3.0,0.0,5.0,,3.0,0.0,5.0,,3.0,0.0,5.0,,3.0,0.0,5.0,,3.0,0.0,6.0,,3.0,0.0,6.0,,3.0,0.0,6.0,,4.0,0.0,7.0,,4.0,0.0,7.0,,7.0,0.0,10.0,,9.0,0.0,12.0,,11.0,0.0,14.0,
LaSalle ICE Processing Center - Jena,,,,,,,,,,,,,,,,,,,,,,,,,,,,,,,,,,,1.0,,,1.0,,,1.0,,,1.0,,,1.0,,,3.0,,,3.0,,,20.0,,,20.0,,,5.0,,,7.0,,,8.0,,,10.0,,,10.0,,,10.0,,,11.0,,,11.0,1.0,,11.0,1.0,,11.0,1.0,,11.0,2.0,,11.0,2.0,,12.0,2.0,,15.0,2.0,,11.0,2.0,,11.0,2.0,,11.0,2.0,,11.0,2.0,,11.0,2.0,,11.0,2.0,,11.0,2.0,,11.0,2.0,0.0,0.0,11.0,2.0,0.0,,11.0,2.0,0.0,,11.0,2.0,0.0,,11.0,2.0,0.0,,11.0,2.0,1.0,,12.0,2.0,1.0,,12.0,2.0,3.0,,14.0,2.0,3.0,,14.0,2.0,3.0,,14.0,2.0,3.0,,14.0,2.0,3.0,,14.0,2.0,3.0,,14.0,2.0,3.0,,14.0,2.0,1.0,,14.0,2.0,1.0,,14.0,2.0,1.0,,15.0,2.0,1.0,,15.0,2.0,1.0,,15.0,2.0,1.0,,15.0,2.0,1.0,,15.0,2.0,1.0,,16.0,2.0,1.0,,16.0,2.0,1.0,,16.0,2.0,1.0,,16.0,2.0,2.0,,17.0,2.0,2.0,,17.0,2.0,2.0,,17.0,2.0,3.0,,18.0,2.0,3.0,,18.0,2.0,3.0,,18.0,2.0,3.0,,18.0,2.0,3.0,0.0,18.0,2.0,2.0,0.0,18.0,2.0,3.0,0.0,19.0,2.0,3.0,0.0,19.0,2.0,1.0,0.0,19.0,2.0,1.0,0.0,19.0,2.0,1.0,0.0,19.0,2.0,1.0,0.0,20.0,2.0,2.0,0.0,20.0,2.0,2.0,0.0,20.0,2.0,2.0,0.0,20.0,2.0,2.0,0.0,20.0,2.0,2.0,0.0,20.0,2.0,2.0,0.0,20.0,2.0,2.0,0.0,20.0,2.0,4.0,0.0,23.0,2.0,4.0,0.0,23.0,2.0,4.0,0.0,24.0,2.0,4.0,0.0,24.0,2.0,4.0,0.0,24.0,2.0,4.0,0.0,24.0,2.0,5.0,0.0,25.0,2.0,5.0,0.0,24.0,2.0,5.0,0.0,24.0,2.0,5.0,0.0,24.0,2.0
LaSalle ICE Processing Center - Olla,,,,,,,,,,,,,,,,,,,,1.0,,,1.0,,,1.0,,,1.0,,,2.0,,,2.0,,,2.0,,,2.0,,,2.0,,,2.0,,,,,,,,,,,,,,,,,,,,,,,,,,,,,,,,,,,,,,,,,,,,,,,,,,,,,,,,,,,,4.0,,,6.0,,,6.0,,,6.0,,,6.0,,,6.0,,,7.0,,3.0,0.0,7.0,,5.0,,5.0,,5.0,,5.0,,5.0,,5.0,,5.0,,5.0,,6.0,,6.0,,6.0,,6.0,,6.0,,6.0,,6.0,,6.0,,6.0,,6.0,,6.0,,6.0,,6.0,,6.0,,6.0,,6.0,,6.0,,9.0,,4.0,,9.0,,4.0,,9.0,,4.0,,9.0,,4.0,,9.0,,4.0,,9.0,,6.0,,12.0,,6.0,,12.0,,9.0,,15.0,,9.0,,15.0,,9.0,,15.0,,9.0,,15.0,,9.0,,15.0,,9.0,,15.0,,9.0,,15.0,,9.0,,15.0,,9.0,,15.0,,9.0,,15.0,,8.0,,16.0,,8.0,0.0,16.0,,8.0,0.0,16.0,,8.0,0.0,16.0,,8.0,0.0,16.0,,8.0,0.0,16.0,,8.0,0.0,16.0,,7.0,0.0,16.0,,14.0,0.0,23.0,,14.0,0.0,23.0,,14.0,0.0,23.0,,14.0,0.0,23.0,,14.0,0.0,23.0,,14.0,0.0,23.0,,14.0,0.0,23.0,,14.0,0.0,23.0,,14.0,0.0,23.0,,14.0,0.0,23.0,,12.0,0.0,23.0,,12.0,0.0,23.0,,12.0,0.0,23.0,,12.0,0.0,23.0,,14.0,0.0,25.0,,14.0,0.0,25.0,,14.0,0.0,25.0,,14.0,0.0,25.0,
Pine Prairie ICE Processing Center,,,,,,,,,,,,,,1.0,,,1.0,,,1.0,,,1.0,,,1.0,,,1.0,,,2.0,,,2.0,,,2.0,,,2.0,,,4.0,,,9.0,,,6.0,,,15.0,,,15.0,,,17.0,,,17.0,,,19.0,,,20.0,,,21.0,,,25.0,,,26.0,,,26.0,,,26.0,,,26.0,,,27.0,,,30.0,,,30.0,,,30.0,,,30.0,,,30.0,,,30.0,,,31.0,,,31.0,,,32.0,,,32.0,,,32.0,,,32.0,,2.0,0.0,30.0,,2.0,,30.0,,2.0,,30.0,,2.0,,30.0,,0.0,,30.0,,0.0,,30.0,,0.0,,30.0,,0.0,,30.0,,0.0,,30.0,,0.0,,30.0,,0.0,,30.0,,0.0,,30.0,,0.0,,30.0,,0.0,,30.0,,0.0,,30.0,,0.0,,30.0,,0.0,,30.0,,0.0,,30.0,,0.0,,30.0,,0.0,,30.0,,0.0,,30.0,,0.0,,30.0,,0.0,,30.0,,1.0,,31.0,,1.0,,31.0,,1.0,,31.0,,1.0,,31.0,,1.0,,31.0,,1.0,,31.0,,1.0,,31.0,,2.0,,32.0,,32.0,,65.0,,32.0,0.0,65.0,,32.0,0.0,65.0,,32.0,0.0,63.0,,32.0,0.0,63.0,,32.0,0.0,63.0,,32.0,0.0,63.0,,32.0,0.0,63.0,,32.0,0.0,63.0,,32.0,0.0,63.0,,32.0,0.0,63.0,,32.0,0.0,63.0,,32.0,0.0,63.0,,33.0,0.0,64.0,,33.0,0.0,64.0,,33.0,0.0,64.0,,0.0,0.0,64.0,,0.0,0.0,64.0,,0.0,0.0,64.0,,0.0,0.0,64.0,,0.0,0.0,64.0,,0.0,0.0,64.0,,0.0,0.0,64.0,,0.0,0.0,64.0,,0.0,0.0,65.0,,0.0,0.0,65.0,
Richwood Correctional Center,,,,,,,,,,,,,,,,,,,,,,,,,,,,,,,,1.0,,,1.0,,,2.0,,,2.0,,,3.0,,,20.0,,,27.0,,,28.0,,,,,,37.0,,,37.0,,,46.0,,,55.0,,,60.0,,,61.0,,,63.0,,,64.0,,,64.0,,,64.0,,,2.0,,,64.0,,,64.0,,,64.0,,,64.0,,,64.0,,,64.0,,,64.0,,,64.0,,,65.0,,,65.0,,,65.0,,,65.0,,1.0,0.0,65.0,,1.0,,65.0,,1.0,,65.0,,1.0,,65.0,,0.0,,65.0,,0.0,,65.0,,0.0,,65.0,,0.0,,65.0,,0.0,,65.0,,0.0,,65.0,,0.0,,65.0,,0.0,,65.0,,0.0,,65.0,,0.0,,65.0,,0.0,,65.0,,0.0,,65.0,,0.0,,65.0,,0.0,,65.0,,0.0,,65.0,,0.0,,65.0,,0.0,,65.0,,0.0,,65.0,,0.0,,65.0,,0.0,,65.0,,0.0,,65.0,,0.0,,65.0,,0.0,,65.0,,0.0,,65.0,,0.0,,65.0,,2.0,,67.0,,4.0,,69.0,,4.0,,69.0,,4.0,0.0,69.0,,4.0,0.0,69.0,,4.0,0.0,69.0,,4.0,0.0,69.0,,4.0,0.0,69.0,,4.0,0.0,69.0,,5.0,0.0,70.0,,5.0,0.0,70.0,,5.0,0.0,70.0,,5.0,0.0,70.0,,5.0,0.0,70.0,,5.0,0.0,70.0,,5.0,0.0,70.0,,8.0,0.0,73.0,,8.0,0.0,73.0,,8.0,0.0,73.0,,9.0,0.0,74.0,,9.0,0.0,74.0,,9.0,0.0,74.0,,9.0,0.0,74.0,,10.0,0.0,75.0,,11.0,0.0,76.0,,11.0,0.0,76.0,,11.0,0.0,76.0,,11.0,0.0,76.0,
River Correctional Center,,,,,,,,,,,,,,,,,,,,,,,,,,,,,,,,,,,,,,,,,1.0,,,1.0,,,2.0,,,2.0,,,2.0,,,,,,2.0,,,2.0,,,2.0,,,2.0,,,2.0,,,2.0,,,2.0,,,2.0,,,2.0,,,2.0,,,,,,2.0,,,2.0,,,2.0,,,2.0,,,2.0,,,2.0,,,3.0,,,3.0,,,3.0,,,3.0,,,3.0,,,3.0,,1.0,0.0,2.0,,1.0,,2.0,,1.0,,2.0,,1.0,,2.0,,1.0,,2.0,,1.0,,2.0,,1.0,,2.0,,1.0,,2.0,,1.0,,2.0,,1.0,,2.0,,1.0,,2.0,,1.0,,2.0,,1.0,,2.0,,1.0,,2.0,,0.0,,2.0,,0.0,,2.0,,0.0,,2.0,,0.0,,2.0,,0.0,,2.0,,0.0,,2.0,,0.0,,2.0,,0.0,,2.0,,5.0,,7.0,,5.0,,7.0,,5.0,,7.0,,5.0,,7.0,,7.0,,9.0,,7.0,,9.0,,7.0,,9.0,,7.0,,9.0,,7.0,,9.0,,7.0,,9.0,,7.0,0.0,9.0,,7.0,0.0,9.0,,7.0,0.0,9.0,,7.0,0.0,11.0,,7.0,0.0,11.0,,7.0,0.0,11.0,,7.0,0.0,11.0,,7.0,0.0,11.0,,7.0,0.0,11.0,,7.0,0.0,11.0,,7.0,0.0,11.0,,7.0,0.0,11.0,,7.0,0.0,11.0,,7.0,0.0,11.0,,7.0,0.0,11.0,,9.0,0.0,13.0,,9.0,0.0,13.0,,8.0,0.0,13.0,,10.0,0.0,15.0,,10.0,0.0,15.0,,10.0,0.0,15.0,,10.0,0.0,15.0,,10.0,0.0,15.0,,12.0,0.0,17.0,,12.0,0.0,17.0,
South Louisiana Correctional Center,,,,,,,,,,,,,,,,,,,,,,,,,,,,,,,,,,,,,,,,,,,,,,,,,,,,,,,,,,,,,,,,,,,,,,,,,,,,,,,,,,,,,,,,,,,,,,,,,,,,,,,,,,,,,,,,,,,,,,,,,,,,,,,,,,,,,,,,,,,,,,,,,,,,,,,,,,,,,,,,,,,,,,,,,,,,,,,,,,,,,,,,,,,,,,,,,,,,,,,2.0,,2.0,,2.0,,2.0,,2.0,,2.0,,2.0,,2.0,,2.0,,2.0,,2.0,,2.0,,2.0,,2.0,,2.0,,2.0,,2.0,,2.0,,2.0,,2.0,,2.0,,2.0,,2.0,,2.0,,3.0,,3.0,,20.0,,20.0,,3.0,0.0,3.0,,3.0,0.0,3.0,,3.0,0.0,3.0,,3.0,0.0,3.0,,3.0,0.0,3.0,,3.0,0.0,3.0,,3.0,0.0,3.0,,3.0,0.0,3.0,,3.0,0.0,3.0,,3.0,0.0,3.0,,3.0,0.0,3.0,,3.0,0.0,3.0,,3.0,0.0,3.0,,3.0,0.0,3.0,,3.0,0.0,3.0,,3.0,0.0,3.0,,3.0,0.0,3.0,,2.0,0.0,3.0,,2.0,0.0,3.0,,2.0,0.0,3.0,,2.0,0.0,3.0,,2.0,0.0,3.0,,2.0,0.0,3.0,,2.0,0.0,3.0,,1.0,0.0,3.0,
Winn Correctional Center,,,,,,,,,,,,,,,,,,,,,,,,,,,,,,,,1.0,,,1.0,,,1.0,,,1.0,,,1.0,,,1.0,,,2.0,,,2.0,,,2.0,,,2.0,,,2.0,,,3.0,,,7.0,,,7.0,,,12.0,,,16.0,,,16.0,,,16.0,,,16.0,,,20.0,,,20.0,,,20.0,,,37.0,,,58.0,,,62.0,,,65.0,,,74.0,,,74.0,,,93.0,,,99.0,,,116.0,,,116.0,,68.0,0.0,99.0,,77.0,,109.0,,80.0,,112.0,,80.0,,112.0,,46.0,,115.0,,46.0,,115.0,,46.0,,115.0,,23.0,,116.0,,23.0,,116.0,,22.0,,117.0,,22.0,,117.0,,24.0,,119.0,,5.0,,121.0,,5.0,,121.0,,5.0,,121.0,,5.0,,121.0,,5.0,,121.0,,5.0,,121.0,,5.0,,121.0,,5.0,,121.0,,5.0,,121.0,,5.0,,121.0,,1.0,,122.0,,5.0,,126.0,,6.0,,127.0,,10.0,,131.0,,12.0,,133.0,,12.0,,136.0,,15.0,,136.0,,15.0,,136.0,,16.0,,137.0,,16.0,,137.0,,16.0,0.0,139.0,,17.0,0.0,140.0,,17.0,0.0,140.0,,18.0,0.0,141.0,,18.0,0.0,141.0,,18.0,0.0,141.0,,18.0,0.0,146.0,,21.0,0.0,149.0,,21.0,0.0,149.0,,22.0,0.0,150.0,,22.0,0.0,150.0,,24.0,0.0,152.0,,24.0,0.0,152.0,,24.0,0.0,152.0,,24.0,0.0,152.0,,27.0,0.0,155.0,,28.0,0.0,156.0,,30.0,0.0,162.0,,30.0,0.0,162.0,,30.0,0.0,162.0,,30.0,0.0,162.0,,35.0,0.0,167.0,,35.0,0.0,167.0,,38.0,0.0,170.0,,39.0,0.0,171.0,
Bergen County Jail,,1.0,,,1.0,,,2.0,,,2.0,,,2.0,,,2.0,,,2.0,,,2.0,,,2.0,,,2.0,,,2.0,,,2.0,,,2.0,,,2.0,,,2.0,,,2.0,,,2.0,,,2.0,1.0,,2.0,1.0,,2.0,1.0,,2.0,1.0,,2.0,1.0,,2.0,1.0,,2.0,1.0,,2.0,1.0,,2.0,1.0,,2.0,1.0,,2.0,1.0,,2.0,1.0,,2.0,1.0,,2.0,1.0,,2.0,1.0,,2.0,1.0,,2.0,1.0,,2.0,1.0,,2.0,1.0,,2.0,1.0,,2.0,1.0,,2.0,1.0,,2.0,1.0,,2.0,1.0,,2.0,1.0,0.0,0.0,2.0,1.0,0.0,,2.0,1.0,0.0,,2.0,1.0,0.0,,2.0,1.0,0.0,,2.0,1.0,0.0,,2.0,1.0,0.0,,2.0,1.0,0.0,,2.0,1.0,0.0,,2.0,1.0,0.0,,2.0,1.0,0.0,,2.0,1.0,0.0,,2.0,1.0,0.0,,2.0,1.0,0.0,,2.0,1.0,0.0,,2.0,1.0,0.0,,2.0,1.0,0.0,,2.0,1.0,0.0,,2.0,1.0,0.0,,2.0,1.0,0.0,,2.0,1.0,0.0,,2.0,1.0,0.0,,2.0,1.0,0.0,,2.0,1.0,0.0,,2.0,1.0,0.0,,2.0,1.0,0.0,,2.0,1.0,0.0,,2.0,1.0,0.0,,2.0,1.0,0.0,,2.0,1.0,0.0,,2.0,1.0,0.0,,2.0,1.0,0.0,,2.0,1.0,0.0,0.0,2.0,1.0,0.0,0.0,2.0,1.0,0.0,0.0,2.0,1.0,0.0,0.0,2.0,1.0,0.0,0.0,2.0,1.0,0.0,0.0,2.0,1.0,0.0,0.0,2.0,1.0,1.0,0.0,3.0,1.0,1.0,0.0,3.0,1.0,1.0,0.0,3.0,1.0,1.0,0.0,3.0,1.0,2.0,0.0,4.0,1.0,2.0,0.0,4.0,1.0,2.0,0.0,4.0,1.0,2.0,0.0,4.0,1.0,2.0,0.0,4.0,1.0,2.0,0.0,4.0,1.0,2.0,0.0,4.0,1.0,2.0,0.0,4.0,1.0,2.0,0.0,4.0,1.0,2.0,0.0,4.0,1.0,2.0,0.0,4.0,1.0,2.0,0.0,4.0,1.0,1.0,0.0,5.0,1.0,1.0,0.0,5.0,1.0
Hudson County Jail,,,,,,1.0,,1.0,1.0,,2.0,1.0,,2.0,1.0,,2.0,,,2.0,1.0,,4.0,1.0,,5.0,1.0,,5.0,1.0,,6.0,1.0,,5.0,1.0,,5.0,1.0,,5.0,1.0,,5.0,1.0,,10.0,,,8.0,1.0,,8.0,1.0,,8.0,1.0,,8.0,1.0,,8.0,,,10.0,,,10.0,1.0,,10.0,1.0,,10.0,1.0,,11.0,1.0,,11.0,1.0,,12.0,1.0,,13.0,1.0,,13.0,1.0,,13.0,1.0,,13.0,1.0,,13.0,1.0,,14.0,1.0,,14.0,1.0,,14.0,1.0,,14.0,1.0,,14.0,1.0,,14.0,1.0,,14.0,1.0,,14.0,1.0,,14.0,1.0,5.0,0.0,14.0,1.0,5.0,,14.0,1.0,5.0,,14.0,1.0,5.0,,14.0,1.0,5.0,,14.0,1.0,5.0,,14.0,1.0,5.0,,14.0,1.0,5.0,,14.0,1.0,5.0,,14.0,1.0,5.0,,14.0,1.0,5.0,,14.0,1.0,5.0,,14.0,1.0,5.0,,14.0,1.0,5.0,,14.0,1.0,5.0,,14.0,1.0,5.0,,14.0,1.0,5.0,,14.0,1.0,5.0,,14.0,1.0,5.0,,14.0,1.0,5.0,,14.0,1.0,5.0,,14.0,1.0,5.0,,14.0,1.0,5.0,,14.0,1.0,5.0,,14.0,1.0,5.0,,14.0,1.0,5.0,,14.0,1.0,5.0,,14.0,1.0,5.0,,14.0,1.0,5.0,,14.0,1.0,5.0,,14.0,1.0,5.0,,14.0,1.0,5.0,,14.0,1.0,5.0,0.0,14.0,1.0,5.0,0.0,14.0,1.0,5.0,0.0,14.0,1.0,5.0,0.0,14.0,1.0,5.0,0.0,14.0,1.0,5.0,0.0,14.0,1.0,5.0,0.0,14.0,1.0,5.0,0.0,14.0,1.0,5.0,0.0,14.0,1.0,5.0,0.0,14.0,1.0,5.0,0.0,14.0,1.0,5.0,0.0,14.0,1.0,5.0,0.0,14.0,1.0,5.0,0.0,14.0,1.0,5.0,0.0,14.0,1.0,5.0,0.0,14.0,1.0,5.0,0.0,14.0,1.0,5.0,0.0,14.0,1.0,5.0,0.0,14.0,1.0,0.0,0.0,14.0,1.0,0.0,0.0,14.0,1.0,0.0,0.0,14.0,1.0,0.0,0.0,14.0,1.0,0.0,0.0,14.0,1.0,0.0,0.0,14.0,1.0
Pike County Correctional Facility,,,,,,,,,,,,,,1.0,,,4.0,,,5.0,,,5.0,,,5.0,,,5.0,,,5.0,,,5.0,,,6.0,,,7.0,,,7.0,,,11.0,,,11.0,,,13.0,,,14.0,,,14.0,,,14.0,,,16.0,,,16.0,,,16.0,,,18.0,,,18.0,,,20.0,,,20.0,,,20.0,,,20.0,,,20.0,,,20.0,,,20.0,,,20.0,,,20.0,,,20.0,,,20.0,,,22.0,,,22.0,,,22.0,,,22.0,,,22.0,,14.0,0.0,22.0,,10.0,,22.0,,10.0,,22.0,,10.0,,22.0,,8.0,,22.0,,8.0,,22.0,,8.0,,22.0,,8.0,,22.0,,8.0,,22.0,,8.0,,22.0,,8.0,,22.0,,8.0,,22.0,,8.0,,22.0,,8.0,,22.0,,8.0,,22.0,,8.0,,22.0,,7.0,,22.0,,7.0,,22.0,,7.0,,22.0,,7.0,,22.0,,0.0,,22.0,,0.0,,22.0,,0.0,,22.0,,0.0,,22.0,,0.0,,22.0,,0.0,,22.0,,0.0,,22.0,,0.0,,22.0,,0.0,,22.0,,0.0,,22.0,,0.0,,22.0,,0.0,,22.0,,0.0,0.0,22.0,,0.0,0.0,22.0,,0.0,0.0,22.0,,0.0,0.0,22.0,,0.0,0.0,22.0,,0.0,0.0,22.0,,0.0,0.0,22.0,,0.0,0.0,22.0,,0.0,0.0,22.0,,0.0,0.0,22.0,,0.0,0.0,22.0,,0.0,0.0,22.0,,0.0,0.0,22.0,,0.0,0.0,22.0,,0.0,0.0,22.0,,0.0,0.0,22.0,,0.0,0.0,22.0,,0.0,0.0,22.0,,0.0,0.0,22.0,,0.0,0.0,22.0,,0.0,0.0,22.0,,0.0,0.0,22.0,,0.0,0.0,22.0,,0.0,0.0,22.0,,0.0,0.0,22.0,
York County Prison,,,,,,,,,,,,,,,,,1.0,,,1.0,,,1.0,,,1.0,,,1.0,,,1.0,,,1.0,,,1.0,,,1.0,,,1.0,,,1.0,,,1.0,,,1.0,,,1.0,,,1.0,,,1.0,,,1.0,,,1.0,,,1.0,,,1.0,,,1.0,,,1.0,,,1.0,,,1.0,,,1.0,,,1.0,,,1.0,,,1.0,,,1.0,,,1.0,,,1.0,,,1.0,,,1.0,,,1.0,,,1.0,,,1.0,,,1.0,,0.0,0.0,1.0,,0.0,,1.0,,0.0,,1.0,,0.0,,1.0,,0.0,,1.0,,0.0,,1.0,,0.0,,1.0,,0.0,,1.0,,0.0,,1.0,,0.0,,1.0,,0.0,,1.0,,0.0,,1.0,,0.0,,1.0,,0.0,,1.0,,0.0,,1.0,,0.0,,1.0,,0.0,,1.0,,0.0,,1.0,,0.0,,1.0,,0.0,,1.0,,0.0,,1.0,,0.0,,1.0,,0.0,,1.0,,0.0,,1.0,,0.0,,1.0,,0.0,,1.0,,0.0,,1.0,,0.0,,1.0,,0.0,,1.0,,0.0,,1.0,,0.0,,1.0,,0.0,,1.0,,0.0,0.0,1.0,,0.0,0.0,1.0,,0.0,0.0,1.0,,0.0,0.0,1.0,,0.0,0.0,1.0,,0.0,0.0,1.0,,1.0,0.0,2.0,,1.0,0.0,2.0,,0.0,0.0,2.0,,0.0,0.0,2.0,,0.0,0.0,2.0,,0.0,0.0,2.0,,0.0,0.0,2.0,,2.0,0.0,4.0,,2.0,0.0,4.0,,3.0,0.0,5.0,,4.0,0.0,6.0,,6.0,0.0,8.0,,6.0,0.0,8.0,,5.0,0.0,7.0,,5.0,0.0,7.0,,6.0,0.0,8.0,,6.0,0.0,8.0,,6.0,0.0,8.0,,6.0,0.0,8.0,
CCA Florence Correctional Center,,,,,,,,,,,,,,,,,,,,,,,,,,,,,,,,,,,,,,,,,,,,,,,9.0,1.0,,,,,,1.0,,,1.0,,,1.0,,,1.0,,10.0,1.0,,,1.0,,10.0,1.0,,10.0,1.0,,10.0,1.0,,10.0,1.0,,,1.0,,10.0,1.0,,,1.0,,10.0,1.0,,10.0,1.0,,,1.0,,,1.0,,11.0,1.0,,11.0,1.0,,,,,11.0,1.0,,,1.0,,,1.0,,,1.0,,11.0,1.0,4.0,0.0,14.0,1.0,2.0,,12.0,1.0,5.0,,15.0,1.0,5.0,,15.0,1.0,6.0,,18.0,1.0,,,,,,,,,1.0,,1.0,,1.0,,1.0,,2.0,,2.0,,2.0,,2.0,,2.0,,2.0,,5.0,,5.0,,6.0,,6.0,,7.0,,7.0,,5.0,,5.0,,5.0,,5.0,,5.0,,5.0,,6.0,,8.0,,6.0,,8.0,,9.0,,11.0,,4.0,,11.0,,4.0,,11.0,,2.0,,113.0,,2.0,,13.0,,4.0,,15.0,,3.0,,15.0,,3.0,,15.0,,2.0,,15.0,,2.0,,15.0,,2.0,,15.0,,2.0,,15.0,,3.0,0.0,16.0,,2.0,0.0,16.0,,2.0,0.0,16.0,,2.0,0.0,16.0,,2.0,0.0,16.0,,2.0,0.0,16.0,,2.0,0.0,18.0,,2.0,0.0,18.0,,2.0,0.0,18.0,,2.0,0.0,18.0,,2.0,0.0,18.0,,2.0,0.0,18.0,,2.0,0.0,18.0,,2.0,0.0,18.0,,2.0,0.0,18.0,,2.0,0.0,18.0,,2.0,0.0,18.0,,0.0,0.0,18.0,,1.0,0.0,19.0,,1.0,0.0,19.0,,1.0,0.0,19.0,,1.0,0.0,19.0,,1.0,0.0,19.0,,1.0,0.0,19.0,,1.0,0.0,19.0,
Eloy Federal Contract Facility,,,,,,,,,,,,,,,,,,,,,,,,,,,,,,,,,,,,,,,,,,,,,,,,,,,,,,,,,,,,,,,,,,,,,,,,,,,1.0,,,1.0,,,1.0,,,1.0,,,1.0,,,1.0,,,1.0,,,1.0,,,1.0,,,1.0,,,1.0,,,1.0,,,,,,1.0,,,1.0,,,1.0,,,1.0,,,1.0,1.0,0.0,1.0,1.0,4.0,,4.0,1.0,4.0,,4.0,1.0,4.0,,4.0,1.0,12.0,,13.0,1.0,21.0,,22.0,1.0,21.0,,22.0,1.0,21.0,,22.0,1.0,122.0,,123.0,1.0,131.0,,132.0,1.0,144.0,,145.0,1.0,153.0,,154.0,1.0,153.0,,154.0,1.0,191.0,,192.0,1.0,192.0,,201.0,1.0,199.0,,208.0,1.0,119.0,,217.0,1.0,104.0,,217.0,1.0,89.0,,221.0,1.0,90.0,,222.0,1.0,88.0,,222.0,1.0,108.0,,242.0,1.0,110.0,,244.0,1.0,116.0,,250.0,1.0,116.0,,250.0,1.0,116.0,,250.0,1.0,117.0,,251.0,1.0,118.0,,252.0,1.0,38.0,,252.0,1.0,38.0,,252.0,1.0,37.0,,252.0,1.0,35.0,,252.0,1.0,34.0,0.0,252.0,1.0,34.0,0.0,252.0,1.0,34.0,0.0,252.0,1.0,34.0,0.0,252.0,1.0,7.0,0.0,252.0,1.0,7.0,0.0,252.0,1.0,5.0,0.0,252.0,1.0,0.0,0.0,248.0,1.0,0.0,0.0,248.0,1.0,0.0,0.0,248.0,1.0,0.0,0.0,248.0,1.0,0.0,0.0,247.0,1.0,0.0,0.0,247.0,1.0,0.0,0.0,247.0,1.0,0.0,0.0,247.0,1.0,0.0,0.0,247.0,1.0,0.0,0.0,247.0,1.0,0.0,0.0,247.0,1.0,0.0,0.0,248.0,1.0,1.0,0.0,249.0,1.0,1.0,0.0,249.0,1.0,1.0,0.0,249.0,1.0,1.0,0.0,249.0,1.0,1.0,0.0,249.0,1.0,1.0,0.0,249.0,1.0
Florence Detention Center,,,,,,,,,,,,,,,,,,,,,,,,,,,,,3.0,,,6.0,,,6.0,,,6.0,,,6.0,,,7.0,,,,,,10.0,1.0,,10.0,,,10.0,,,10.0,,,10.0,,,,,,10.0,,,,,,,,,,,,,,,10.0,,,,,,10.0,,,,,,,,,10.0,,,10.0,,,,,,,,,11.0,,,,,,,,,11.0,,,11.0,,,,,,,,,,,,,,,,,,,,,,,,,6.0,,21.0,1.0,9.0,,24.0,1.0,9.0,,24.0,1.0,13.0,,28.0,1.0,14.0,,29.0,1.0,14.0,,29.0,1.0,17.0,,32.0,1.0,11.0,,32.0,1.0,11.0,,32.0,1.0,11.0,,32.0,1.0,12.0,,32.0,1.0,12.0,,32.0,1.0,12.0,,32.0,1.0,2.0,,32.0,1.0,3.0,,33.0,1.0,1.0,,33.0,1.0,1.0,,33.0,1.0,2.0,,34.0,1.0,4.0,,36.0,1.0,4.0,,36.0,1.0,4.0,,36.0,1.0,14.0,,46.0,1.0,14.0,,46.0,1.0,15.0,,47.0,1.0,15.0,,47.0,1.0,11.0,,47.0,1.0,12.0,,48.0,1.0,12.0,0.0,48.0,1.0,13.0,0.0,49.0,1.0,12.0,0.0,49.0,1.0,13.0,0.0,50.0,1.0,7.0,0.0,51.0,1.0,7.0,0.0,51.0,1.0,10.0,0.0,56.0,1.0,8.0,0.0,56.0,1.0,10.0,0.0,59.0,1.0,11.0,0.0,60.0,1.0,11.0,0.0,60.0,1.0,10.0,0.0,60.0,1.0,4.0,0.0,60.0,1.0,4.0,0.0,60.0,1.0,4.0,0.0,60.0,1.0,1.0,0.0,60.0,1.0,1.0,0.0,60.0,1.0,1.0,0.0,60.0,1.0,0.0,0.0,60.0,1.0,0.0,0.0,60.0,1.0,0.0,0.0,60.0,1.0,1.0,0.0,61.0,1.0,1.0,0.0,61.0,1.0,2.0,0.0,62.0,1.0,2.0,0.0,62.0,1.0
Florence Services Processing Center,,,,,,,,,,,,,,,,,,,,,,,,,,,,,,,,,,,,,,,,,,,,,,,,,,,,,,,,,,,,,,,,1.0,,,,,,1.0,,,1.0,,,1.0,,,1.0,,,,,,1.0,,,,,,1.0,,,1.0,,,,,,,,,1.0,,,1.0,,,,,,1.0,,,1.0,,,1.0,,,,,,1.0,,,,1.0,,,,1.0,,,,1.0,,,,1.0,,,,1.0,,,,1.0,,,,1.0,,,,1.0,,,,1.0,,,,1.0,,,,1.0,,,,1.0,,,,1.0,,,,1.0,,,,1.0,,,,1.0,,,,1.0,,,,1.0,,,,1.0,,,,1.0,,,,1.0,,,,1.0,,,,1.0,,,,1.0,,,,1.0,,,,1.0,,,,1.0,,,,1.0,,,,1.0,,,,1.0,,,,1.0,,,,1.0,,,,,,,,,,,,,,,,,,,,,,,,,,,,,,,,,,,,,,,,,,,,,,,,,,,,,,,,,,,,,,,,,,,,,,,,,,,,,,,,,,,,,,,,,,,,,,,,,,,,,,
La Palma Correctional Facility,,,,,,,,,,,1.0,,,1.0,,,1.0,,,2.0,,,2.0,,,2.0,,,2.0,,,2.0,,,2.0,,,2.0,,,6.0,,,6.0,,,13.0,,,18.0,,,18.0,,,18.0,,,23.0,,,23.0,,,24.0,,,26.0,,,29.0,,,30.0,,,33.0,,,33.0,,,36.0,,,52.0,,,53.0,,,57.0,,,58.0,,,58.0,,,62.0,,,68.0,,,69.0,,,69.0,,,69.0,,,75.0,,,75.0,,,75.0,,,76.0,,14.0,0.0,76.0,,15.0,,78.0,,15.0,,78.0,,15.0,,78.0,,14.0,,78.0,,14.0,,78.0,,14.0,,78.0,,16.0,,80.0,,17.0,,81.0,,17.0,,83.0,,16.0,,83.0,,17.0,,85.0,,19.0,,87.0,,17.0,,87.0,,17.0,,88.0,,14.0,,88.0,,2.0,,88.0,,0.0,,88.0,,4.0,,92.0,,4.0,,92.0,,4.0,,92.0,,10.0,,99.0,,7.0,,99.0,,7.0,,99.0,,7.0,,99.0,,8.0,,100.0,,10.0,,102.0,,10.0,,102.0,,6.0,,102.0,,7.0,,103.0,,4.0,,103.0,,6.0,,105.0,,3.0,0.0,105.0,,3.0,0.0,105.0,,5.0,0.0,107.0,,5.0,0.0,107.0,,6.0,0.0,108.0,,6.0,0.0,108.0,,14.0,0.0,118.0,,15.0,0.0,119.0,,12.0,0.0,119.0,,12.0,0.0,119.0,,12.0,0.0,119.0,,13.0,0.0,120.0,,13.0,0.0,120.0,,2.0,0.0,120.0,,2.0,0.0,120.0,,4.0,0.0,122.0,,4.0,0.0,122.0,,2.0,0.0,122.0,,1.0,0.0,122.0,,1.0,0.0,122.0,,1.0,0.0,122.0,,2.0,0.0,123.0,,2.0,0.0,123.0,,2.0,0.0,123.0,,2.0,0.0,123.0,
Nevada Southern Detention Center,,,,,,,,,,,,,,,,,,,,,,,,,,,,,,,,,,,,,,,,,,,,,,,,,,,,,,,,,,,,,,,,,,,,,,,,,,,,,,,,,,,,,,,,,,,,,,,,,,1.0,,,1.0,,,,,,1.0,,,1.0,,,1.0,,,1.0,,,1.0,,,1.0,,,1.0,,1.0,0.0,1.0,,1.0,,1.0,,1.0,,1.0,,1.0,,1.0,,1.0,,1.0,,1.0,,1.0,,1.0,,1.0,,1.0,,1.0,,1.0,,1.0,,1.0,,1.0,,1.0,,1.0,,1.0,,1.0,,1.0,,1.0,,1.0,,1.0,,1.0,,1.0,,1.0,,1.0,,1.0,,1.0,,1.0,,1.0,,1.0,,1.0,,3.0,,3.0,,3.0,,3.0,,4.0,,4.0,,4.0,,4.0,,8.0,,8.0,,8.0,,8.0,,8.0,,8.0,,8.0,,8.0,,8.0,,10.0,,5.0,,10.0,,5.0,,10.0,,5.0,,10.0,,5.0,,10.0,,5.0,0.0,10.0,,5.0,0.0,10.0,,5.0,0.0,10.0,,5.0,0.0,10.0,,5.0,0.0,10.0,,5.0,0.0,10.0,,3.0,0.0,10.0,,3.0,0.0,10.0,,3.0,0.0,10.0,,3.0,0.0,10.0,,3.0,0.0,10.0,,3.0,0.0,10.0,,3.0,0.0,10.0,,3.0,0.0,10.0,,3.0,0.0,10.0,,3.0,0.0,10.0,,3.0,0.0,10.0,,3.0,0.0,10.0,,3.0,0.0,10.0,,3.0,0.0,10.0,,3.0,0.0,10.0,,3.0,0.0,10.0,,3.0,0.0,10.0,,3.0,0.0,10.0,,3.0,0.0,10.0,
Nye County Jail,,,,,,,,,,,,,,,,,,,,,,,,,,,,,,,,,,,,,,,,,,,,,,,,,,,,,,,,,,,,,,,,,,,,,,,,,,,,,,,,,,,,,,,,,,,,,,,,,,,,,,,,,,,,,,,,,,,,,,,,,,,,,,,,,,,,,,,,,,,,,,,,,,,,,,,,,,,,,,,,,,,,,,,,,,,,,,,,,,,,,,,,,,,,,,,,,,,,,,,,,,,,,,,,,,,,,,,,,,,,,,,23.0,,23.0,,26.0,,26.0,,26.0,,26.0,,26.0,,26.0,,26.0,,26.0,,26.0,,26.0,,26.0,,26.0,,30.0,,32.0,,30.0,0.0,32.0,,30.0,0.0,32.0,,30.0,0.0,32.0,,30.0,0.0,32.0,,30.0,0.0,32.0,,30.0,0.0,32.0,,29.0,0.0,32.0,,29.0,0.0,32.0,,29.0,0.0,32.0,,29.0,0.0,32.0,,29.0,0.0,32.0,,34.0,0.0,37.0,,34.0,0.0,37.0,,34.0,0.0,37.0,,34.0,0.0,37.0,,34.0,0.0,37.0,,34.0,0.0,37.0,,33.0,0.0,37.0,,33.0,0.0,37.0,,33.0,0.0,37.0,,33.0,0.0,37.0,,33.0,0.0,37.0,,33.0,0.0,37.0,,33.0,0.0,37.0,,33.0,0.0,37.0,
Washington County Jail,,,,,,,,,,,,,,,,,,,,,,,,,,,,,,,,,,,,,,,,,,,,,,,,,,,,,,,,,,,,,,,,,,,,,,,,,,,,,,,,,,,,,,,,,,,,,,,,,,,,,,,,,,,,,,,,,,,,,,,,,,,,,,,,,,,,,,,,,,,,,,,,,,,,,,,,,,,,,,,,,,,,,,,,,,,,,,,,,,,,,,,,,,,,,,,,,,,,,,,,,,,,,,,,,,,,,,,,,,,,,,,1.0,,1.0,,1.0,,1.0,,1.0,,1.0,,1.0,,1.0,,1.0,,1.0,,1.0,,1.0,,1.0,,1.0,,1.0,,1.0,,1.0,0.0,1.0,,2.0,0.0,2.0,,2.0,0.0,2.0,,2.0,0.0,2.0,,2.0,0.0,2.0,,2.0,0.0,2.0,,1.0,0.0,2.0,,1.0,0.0,2.0,,1.0,0.0,2.0,,1.0,0.0,2.0,,1.0,0.0,2.0,,1.0,0.0,2.0,,1.0,0.0,2.0,,1.0,0.0,2.0,,1.0,0.0,2.0,,1.0,0.0,2.0,,1.0,0.0,2.0,,1.0,0.0,2.0,,1.0,0.0,2.0,,1.0,0.0,2.0,,1.0,0.0,2.0,,1.0,0.0,2.0,,1.0,0.0,2.0,,1.0,0.0,2.0,,1.0,0.0,2.0,
El Valle Detention Facility,,,,,,,,,,,,,,,,,,,,,,,,,,,,,,,,,,,,,,,,,,,,,,,,,,,,,,,,,,,,,,,,,,,,,,,,,,,,,,,,,,,,,,,,,,,,,,,,,,,,,,,,,,,,,,,,,,,,,,,,,,,,,,,,,,,,,,,,,,,,,,,,,,,1.0,,1.0,,1.0,,1.0,,1.0,,1.0,,1.0,,1.0,,1.0,,1.0,,1.0,,1.0,,1.0,,1.0,,1.0,,1.0,,1.0,,1.0,,1.0,,1.0,,1.0,,1.0,,1.0,,1.0,,1.0,,1.0,,1.0,,1.0,,1.0,,1.0,,1.0,,1.0,,2.0,,2.0,,2.0,,2.0,,2.0,,2.0,,2.0,,2.0,,2.0,,2.0,,3.0,,3.0,,3.0,,3.0,,4.0,,4.0,,4.0,,4.0,,4.0,,4.0,,4.0,,4.0,,8.0,0.0,8.0,,8.0,0.0,8.0,,8.0,0.0,8.0,,8.0,0.0,8.0,,11.0,0.0,11.0,,11.0,0.0,11.0,,15.0,0.0,16.0,,15.0,0.0,16.0,,21.0,0.0,22.0,,21.0,0.0,22.0,,21.0,0.0,22.0,,23.0,0.0,24.0,,23.0,0.0,24.0,,23.0,0.0,24.0,,23.0,0.0,24.0,,26.0,0.0,27.0,,28.0,0.0,29.0,,28.0,0.0,29.0,,28.0,0.0,29.0,,28.0,0.0,29.0,,28.0,0.0,29.0,,28.0,0.0,29.0,,28.0,0.0,29.0,,27.0,0.0,29.0,,26.0,0.0,29.0,
Karnes County Family Residential Center,,,,,,,,,,,,,,,,,,,,,,,,,,,,,,,,,,,,,,,,,,,,,,,,,,,,,,,,,,,,,,,,,,,,,,,,,,,,,,,,,,,,,,,,,,,,,,,,,,,,,,,,,,,,,,,,,,,,,,,,,,,,,,,,,,,,,,,,,,,,,,,,,,,,,,,,,,,,,,,,,,,,,,,,,,,,,,,,,,,,,,,,,,,,,,,11.0,,11.0,,11.0,,11.0,,11.0,,11.0,,11.0,,11.0,,11.0,,11.0,,30.0,,30.0,,30.0,,30.0,,24.0,,35.0,,24.0,,35.0,,26.0,,37.0,,27.0,,38.0,,26.0,,37.0,,28.0,,39.0,,26.0,,40.0,,22.0,,42.0,,22.0,,42.0,,27.0,,47.0,,25.0,,47.0,,22.0,,55.0,,19.0,,55.0,,19.0,,55.0,,20.0,,59.0,,25.0,,69.0,,25.0,,69.0,,17.0,0.0,72.0,,17.0,0.0,72.0,,13.0,0.0,73.0,,13.0,0.0,73.0,,13.0,0.0,73.0,,13.0,0.0,73.0,,13.0,0.0,73.0,,13.0,0.0,73.0,,6.0,0.0,73.0,,6.0,0.0,73.0,,6.0,0.0,73.0,,6.0,0.0,73.0,,7.0,0.0,74.0,,7.0,0.0,74.0,,7.0,0.0,74.0,,7.0,0.0,74.0,,7.0,0.0,74.0,
Port Isabel Detention Center,,,,,,,,,,,,,,,,,,,,,,,,,,,,,,,,,,,,,,,,,,,,,,,,1.0,,,,,,,,,,,,,,,,,,1.0,,,,,,1.0,,,1.0,,,1.0,,,1.0,,,,,,1.0,,,,,1.0,1.0,,1.0,,,1.0,,,1.0,,,1.0,0.0,,1.0,0.0,,1.0,,,1.0,,,1.0,,,2.0,,,2.0,,,3.0,0.0,2.0,0.0,3.0,0.0,3.0,,4.0,,3.0,,4.0,,3.0,,4.0,,7.0,,8.0,,19.0,,22.0,,23.0,,26.0,,31.0,,34.0,,33.0,,36.0,,34.0,,41.0,,32.0,,42.0,,40.0,,52.0,,41.0,,54.0,,36.0,,54.0,,34.0,,58.0,,25.0,,61.0,,25.0,,62.0,,22.0,,64.0,,28.0,,71.0,,21.0,,71.0,,23.0,,78.0,,11.0,,83.0,,11.0,,83.0,,10.0,,84.0,,10.0,,84.0,,6.0,,84.0,,3.0,,85.0,,3.0,,85.0,,10.0,,92.0,,13.0,,95.0,,12.0,,97.0,,13.0,,100.0,,26.0,0.0,120.0,,31.0,0.0,126.0,,30.0,0.0,126.0,,30.0,0.0,128.0,,29.0,0.0,129.0,,29.0,0.0,129.0,,26.0,0.0,130.0,,25.0,0.0,130.0,,23.0,0.0,130.0,,23.0,0.0,130.0,,22.0,0.0,131.0,,19.0,0.0,131.0,,18.0,0.0,131.0,,19.0,0.0,132.0,,19.0,0.0,132.0,,20.0,0.0,133.0,,20.0,0.0,133.0,,1.0,0.0,133.0,,1.0,0.0,133.0,,1.0,0.0,133.0,,1.0,0.0,133.0,,0.0,0.0,132.0,,0.0,0.0,132.0,,0.0,0.0,133.0,,1.0,0.0,134.0,
South Texas ICE Processing Center (Pearsall),,,,,,,,,,,,,,,,,,,,,,,,,,,,,,,,,,,,,,,,,,,,,,,,,,,,,,,,2.0,,,2.0,,,2.0,,,5.0,,,5.0,,,6.0,,,7.0,,,7.0,,,19.0,,,31.0,,,31.0,,,32.0,,,32.0,,,32.0,,,32.0,,,32.0,,,32.0,,,32.0,,,32.0,,,32.0,,,32.0,,,32.0,,,32.0,,,32.0,,29.0,0.0,32.0,,28.0,,33.0,,39.0,,44.0,,39.0,,44.0,,39.0,,44.0,,22.0,,45.0,,22.0,,46.0,,22.0,,47.0,,20.0,,47.0,,20.0,,47.0,,20.0,,47.0,,12.0,,47.0,,2.0,,47.0,,2.0,,47.0,,2.0,,47.0,,2.0,,47.0,,2.0,,47.0,,2.0,,47.0,,2.0,,47.0,,2.0,,47.0,,4.0,,51.0,,7.0,,54.0,,14.0,,61.0,,15.0,,62.0,,15.0,,62.0,,26.0,,73.0,,29.0,,76.0,,31.0,,79.0,,72.0,,120.0,,79.0,,128.0,,79.0,,128.0,,80.0,,129.0,,80.0,0.0,129.0,,82.0,0.0,131.0,,82.0,0.0,131.0,,83.0,0.0,132.0,,83.0,0.0,132.0,,83.0,0.0,132.0,,85.0,0.0,136.0,,85.0,0.0,136.0,,14.0,0.0,145.0,,14.0,0.0,145.0,,15.0,0.0,146.0,,18.0,0.0,149.0,,24.0,0.0,155.0,,24.0,0.0,155.0,,24.0,0.0,155.0,,24.0,0.0,155.0,,28.0,0.0,159.0,,19.0,0.0,160.0,,19.0,0.0,161.0,,19.0,0.0,161.0,,23.0,0.0,165.0,,22.0,0.0,166.0,,11.0,0.0,168.0,,11.0,0.0,168.0,,12.0,0.0,169.0,
T. Don Hutto Residential Center,,,,1.0,,,,1.0,,,,1.0,,,,1.0,,,,1.0,,,,1.0,,,,1.0,,,,1.0,,,,1.0,,,,1.0,,,,1.0,,,,1.0,,,,1.0,,,,1.0,,,,1.0,,,,1.0,,,,1.0,,,,1.0,,,,1.0,,,,1.0,,,,,,,,,,,,,,,,,,,,,,,,,,,,,,,,,,,,,,,,,,,,,,,,,,,,,,,,,,,,,,,,,,,,,,,,,,,,,,,,,,,,,,,,,,,,,,,,,,,,,,,,,,,,,,,,,,,,,,,,,,,,,,,,,,,,,,,,,,,,,,,,,,,,,,,,,,,,,,,,,,,,,,,,,,,,,,,,,,1.0,,,,1.0,,,,1.0,,,,1.0,,,,1.0,,,,1.0,,,,1.0,,,,1.0,,,,1.0,,,,1.0,,,,1.0,,,,1.0,,,,1.0,,,,1.0,,,,1.0,,,,1.0,,,,1.0,,,,1.0,,,,1.0,,,,1.0,,,,1.0,,,,1.0,,,,1.0,,,,1.0,,,,1.0
Webb County Detention Center (CCA),,,,,,,,,,,,,,,,,,,,,,,,,,,,,,,,,,,,,,,,,,,,,,,,,,,,,,,,,,,,,,,,,,,,,,,,,,,,,1.0,,,1.0,,,1.0,,,1.0,,,1.0,,,1.0,,,1.0,,,1.0,,,1.0,,,1.0,,,1.0,,,1.0,,,1.0,,,1.0,,,1.0,,,1.0,,,1.0,,0.0,0.0,1.0,,0.0,,1.0,,0.0,,1.0,,0.0,,1.0,,0.0,,1.0,,0.0,,1.0,,0.0,,1.0,,0.0,,1.0,,0.0,,1.0,,1.0,,2.0,,1.0,,2.0,,1.0,,2.0,,1.0,,2.0,,1.0,,2.0,,2.0,,3.0,,4.0,,5.0,,4.0,,5.0,,4.0,,5.0,,4.0,,5.0,,5.0,,6.0,,5.0,,6.0,,5.0,,6.0,,5.0,,6.0,,6.0,,7.0,,6.0,,7.0,,8.0,,8.0,,7.0,,8.0,,7.0,,8.0,,7.0,,8.0,,10.0,,11.0,,10.0,,11.0,,10.0,,11.0,,11.0,0.0,12.0,,11.0,0.0,12.0,,12.0,0.0,13.0,,13.0,0.0,14.0,,26.0,0.0,28.0,,26.0,0.0,28.0,,51.0,0.0,57.0,,51.0,0.0,57.0,,51.0,0.0,57.0,,69.0,0.0,75.0,,70.0,0.0,76.0,,75.0,0.0,82.0,,74.0,0.0,82.0,,74.0,0.0,82.0,,74.0,0.0,82.0,,74.0,0.0,82.0,,66.0,0.0,83.0,,66.0,0.0,83.0,,66.0,0.0,83.0,,66.0,0.0,83.0,,66.0,0.0,83.0,,66.0,0.0,83.0,,67.0,0.0,84.0,,67.0,0.0,84.0,,69.0,0.0,86.0,
Imperial Regional Detention Facility,,,,,,,,,,,,,,,,,,,,,,,,,,,,,,,,,,,,,,,,,,,,,,,,,,,,,,,,,,,,,,,,,,,,,,,,,,,,,,,,,,,,,,,,,,,,,,,,,,,,,,,,,,,,,,,,,,,,,,,1.0,,,1.0,,,1.0,,2.0,0.0,2.0,,2.0,,2.0,,2.0,,2.0,,2.0,,2.0,,2.0,,2.0,,1.0,,2.0,,1.0,,2.0,,1.0,,2.0,,1.0,,2.0,,1.0,,2.0,,0.0,,2.0,,0.0,,2.0,,0.0,,2.0,,0.0,,2.0,,0.0,,2.0,,0.0,,2.0,,0.0,,2.0,,0.0,,2.0,,0.0,,2.0,,0.0,,2.0,,0.0,,2.0,,0.0,,2.0,,0.0,,2.0,,0.0,,2.0,,0.0,,2.0,,0.0,,2.0,,0.0,,2.0,,0.0,,2.0,,0.0,,2.0,,0.0,,2.0,,0.0,,2.0,,0.0,,2.0,,0.0,0.0,2.0,,0.0,0.0,2.0,,0.0,0.0,2.0,,0.0,0.0,2.0,,0.0,0.0,2.0,,0.0,0.0,2.0,,0.0,0.0,2.0,,0.0,0.0,2.0,,0.0,0.0,2.0,,0.0,0.0,2.0,,0.0,0.0,2.0,,0.0,0.0,2.0,,0.0,0.0,2.0,,0.0,0.0,2.0,,0.0,0.0,2.0,,0.0,0.0,2.0,,0.0,0.0,2.0,,0.0,0.0,2.0,,0.0,0.0,2.0,,0.0,0.0,2.0,,0.0,0.0,2.0,,1.0,0.0,3.0,,1.0,0.0,3.0,,1.0,0.0,3.0,,1.0,0.0,3.0,
Otay Mesa Detention Center (San Diego CDF),,,,,,,,,,,,,,,,,1.0,,,1.0,,,5.0,,,7.0,,,10.0,,,12.0,1.0,,15.0,1.0,,15.0,1.0,,17.0,5.0,,18.0,5.0,,20.0,8.0,,29.0,8.0,,42.0,8.0,,57.0,8.0,,75.0,8.0,,75.0,8.0,,94.0,8.0,,98.0,8.0,,105.0,10.0,,106.0,10.0,,167.0,10.0,1.0,167.0,10.0,,133.0,10.0,1.0,139.0,10.0,,144.0,10.0,1.0,149.0,11.0,1.0,149.0,11.0,,149.0,11.0,,151.0,11.0,1.0,152.0,11.0,1.0,152.0,11.0,,154.0,11.0,1.0,155.0,11.0,1.0,158.0,11.0,1.0,158.0,11.0,,158.0,11.0,1.0,158.0,11.0,21.0,1.0,160.0,11.0,21.0,1.0,160.0,11.0,21.0,1.0,160.0,11.0,21.0,1.0,160.0,11.0,12.0,1.0,162.0,11.0,5.0,1.0,162.0,11.0,5.0,1.0,162.0,11.0,7.0,1.0,164.0,11.0,7.0,1.0,164.0,11.0,7.0,1.0,164.0,11.0,5.0,1.0,164.0,11.0,4.0,1.0,164.0,11.0,4.0,1.0,164.0,11.0,4.0,1.0,164.0,11.0,5.0,1.0,165.0,11.0,6.0,1.0,166.0,11.0,4.0,1.0,166.0,11.0,4.0,1.0,166.0,11.0,3.0,1.0,166.0,11.0,3.0,1.0,166.0,11.0,3.0,1.0,167.0,11.0,4.0,1.0,168.0,11.0,4.0,1.0,168.0,11.0,4.0,1.0,168.0,11.0,4.0,1.0,168.0,11.0,4.0,1.0,168.0,11.0,4.0,1.0,168.0,11.0,4.0,1.0,168.0,11.0,4.0,1.0,168.0,11.0,4.0,1.0,168.0,11.0,4.0,1.0,169.0,11.0,3.0,1.0,169.0,11.0,3.0,1.0,169.0,11.0,3.0,1.0,169.0,11.0,2.0,1.0,166.0,11.0,2.0,1.0,166.0,11.0,0.0,1.0,166.0,11.0,0.0,1.0,166.0,11.0,0.0,1.0,166.0,11.0,0.0,1.0,166.0,11.0,0.0,1.0,166.0,11.0,0.0,1.0,166.0,11.0,0.0,1.0,166.0,11.0,0.0,1.0,166.0,11.0,2.0,1.0,168.0,11.0,2.0,1.0,168.0,11.0,2.0,1.0,168.0,11.0,2.0,1.0,168.0,11.0,2.0,1.0,168.0,11.0,2.0,1.0,168.0,11.0,2.0,1.0,168.0,11.0,0.0,1.0,168.0,11.0,0.0,1.0,168.0,11.0,0.0,1.0,168.0,11.0,0.0,1.0,168.0,11.0,0.0,1.0,168.0,11.0,0.0,1.0,167.0,11.0
San Luis Regional Detention Center,,,,,,,,,,,,,,,,,,,,,,,,,,,,,,,,,,,,,,,,,,,,,,,,,,,,,,,,,,,,,,,,,,,,,,,,,,,,,,,,,,,,,,,,,,,,,,,,,,,,,,,,,,,,,,,,,,,,,,,,,,,,,,,1.0,,1.0,,3.0,,3.0,,3.0,,3.0,,5.0,,5.0,,5.0,,5.0,,5.0,,5.0,,5.0,,5.0,,5.0,,5.0,,5.0,,5.0,,5.0,,5.0,,5.0,,5.0,,5.0,,5.0,,5.0,,5.0,,4.0,,5.0,,4.0,,5.0,,4.0,,5.0,,4.0,,5.0,,3.0,,6.0,,4.0,,7.0,,4.0,,7.0,,3.0,,7.0,,1.0,,6.0,,2.0,,7.0,,2.0,,7.0,,2.0,,7.0,,2.0,,7.0,,2.0,,7.0,,2.0,,7.0,,2.0,,7.0,,2.0,,7.0,,1.0,,7.0,,1.0,,7.0,,1.0,0.0,8.0,,1.0,0.0,8.0,,0.0,0.0,9.0,,0.0,0.0,9.0,,0.0,0.0,9.0,,0.0,0.0,9.0,,0.0,0.0,9.0,,0.0,0.0,9.0,,1.0,0.0,10.0,,1.0,0.0,10.0,,1.0,0.0,10.0,,1.0,0.0,10.0,,1.0,0.0,10.0,,1.0,0.0,10.0,,1.0,0.0,10.0,,2.0,0.0,11.0,,2.0,0.0,11.0,,2.0,0.0,11.0,,2.0,0.0,11.0,,2.0,0.0,11.0,,2.0,0.0,11.0,,2.0,0.0,11.0,,2.0,0.0,11.0,,2.0,0.0,11.0,,3.0,0.0,12.0,
Mesa Verde ICE Processing Center,,,,,,,,,,,,,,,,,,,,,,,,,,,,,,,,,,,,,,,,,,,,,,,,,,,,,,,,,,,,,,,,,,,,,,,,,,,,,,,,,,,,,,,,,,,,,,,,,,,,,,,,,,,,,,,,,,,,,,,,,,,,,,,,,,,,,,,,,,,,,,,,,,,,,,,,,,,,,,,,,,,,,,,,,,,,,,,,,,,,,,,,,,,,,,,,,,,,,,,,,,,,,,,,,,,,,,,,,,,,,,,1.0,,1.0,,1.0,,1.0,,1.0,,1.0,,1.0,,1.0,,1.0,,1.0,,1.0,,1.0,,1.0,,1.0,,1.0,,1.0,,1.0,0.0,1.0,,1.0,0.0,1.0,,1.0,0.0,1.0,,1.0,0.0,1.0,,1.0,0.0,1.0,,1.0,0.0,1.0,,3.0,0.0,3.0,,4.0,0.0,4.0,,9.0,0.0,9.0,,9.0,0.0,9.0,,9.0,0.0,9.0,,10.0,0.0,10.0,,10.0,0.0,10.0,,10.0,0.0,10.0,,10.0,0.0,10.0,,13.0,0.0,13.0,,24.0,0.0,24.0,,52.0,0.0,54.0,,52.0,0.0,54.0,,52.0,0.0,54.0,,52.0,0.0,54.0,,54.0,0.0,56.0,,56.0,0.0,58.0,,52.0,0.0,58.0,,52.0,0.0,58.0,
Tacoma ICE Processing Center(Northwest Detention Center),,,,,,,,,,,,,,,,,,,,,,,,,,,,,,,,,,,,,,,,,,,,,,,,,,,,,,,,,,,,,,,,,,,,,,,,,,,,,,,,,,,,,,,,,,,,,,,1.0,,,,,,1.0,,,1.0,,,1.0,,,1.0,,,1.0,,,1.0,,,1.0,,,1.0,,,1.0,,1.0,0.0,1.0,,1.0,,1.0,,1.0,,1.0,,1.0,,1.0,,1.0,,1.0,,1.0,,2.0,,1.0,,2.0,,1.0,,2.0,,3.0,,4.0,,3.0,,4.0,,3.0,,4.0,,3.0,,4.0,,3.0,,4.0,,3.0,,4.0,,3.0,,4.0,,2.0,,4.0,,2.0,,3.0,,2.0,,3.0,,1.0,,3.0,,1.0,,3.0,,1.0,,3.0,,1.0,,4.0,,1.0,,4.0,,1.0,,4.0,,1.0,,4.0,,2.0,,5.0,,2.0,,5.0,,2.0,,5.0,,2.0,,6.0,,2.0,,6.0,,4.0,,8.0,,4.0,,8.0,,4.0,0.0,8.0,,4.0,0.0,8.0,,4.0,0.0,8.0,,4.0,0.0,8.0,,4.0,0.0,8.0,,2.0,0.0,8.0,,2.0,0.0,8.0,,2.0,0.0,8.0,,2.0,0.0,8.0,,2.0,0.0,8.0,,0.0,0.0,8.0,,0.0,0.0,7.0,,0.0,0.0,7.0,,0.0,0.0,7.0,,0.0,0.0,7.0,,1.0,0.0,8.0,,1.0,0.0,8.0,,1.0,0.0,8.0,,2.0,0.0,9.0,,1.0,0.0,9.0,,1.0,0.0,9.0,,4.0,0.0,12.0,,3.0,0.0,12.0,,3.0,0.0,12.0,,4.0,0.0,13.0,
Polk County Jail,,,,,,,,,,,,,,,,,,,,,,,,,,,,,,,,,,,,,,,,,,,,,,,,,,,,,,,,,,,,,,,,,,,,,,,,,,,,,,,,,,,,,,,,,,,,37.0,,,1.0,,,1.0,,,1.0,,,4.0,,,4.0,,,4.0,,,4.0,,,4.0,,,7.0,,,9.0,,,9.0,,9.0,0.0,10.0,,10.0,,11.0,,10.0,,11.0,,10.0,,11.0,,10.0,,11.0,,10.0,,11.0,,10.0,,11.0,,10.0,,11.0,,10.0,,11.0,,10.0,,11.0,,10.0,,11.0,,10.0,,11.0,,10.0,,11.0,,10.0,,11.0,,10.0,,11.0,,10.0,,11.0,,10.0,,11.0,,1.0,,11.0,,1.0,,11.0,,1.0,,11.0,,1.0,,11.0,,2.0,,12.0,,1.0,,12.0,,1.0,,12.0,,1.0,,12.0,,1.0,,12.0,,1.0,,12.0,,1.0,,12.0,,1.0,,12.0,,1.0,,12.0,,1.0,,12.0,,1.0,,12.0,,1.0,0.0,12.0,,1.0,0.0,12.0,,1.0,0.0,12.0,,1.0,0.0,12.0,,1.0,0.0,12.0,,1.0,0.0,12.0,,1.0,0.0,12.0,,1.0,0.0,12.0,,1.0,0.0,12.0,,1.0,0.0,12.0,,1.0,0.0,12.0,,1.0,0.0,12.0,,1.0,0.0,12.0,,1.0,0.0,12.0,,1.0,0.0,12.0,,1.0,0.0,12.0,,1.0,0.0,12.0,,1.0,0.0,12.0,,1.0,0.0,12.0,,1.0,0.0,12.0,,0.0,0.0,12.0,,0.0,0.0,12.0,,0.0,0.0,12.0,,0.0,0.0,12.0,,0.0,0.0,12.0,
Caroline Detention Facility,,,,,,,,,,,,,,,,,,,,,,,,,,,,,,,,,,,,,,,,,,,,,,,,,,1.0,,,1.0,,,2.0,,,2.0,,,2.0,,,2.0,,,2.0,,,2.0,,,2.0,,,2.0,,,2.0,,,2.0,,,3.0,,,3.0,,,3.0,,,3.0,,,3.0,,,3.0,,,3.0,,,3.0,,,3.0,,,3.0,,,3.0,,,3.0,,,,,,3.0,,0.0,0.0,3.0,,0.0,,3.0,,0.0,,3.0,,0.0,,3.0,,0.0,,3.0,,0.0,,3.0,,0.0,,3.0,,0.0,,3.0,,0.0,,3.0,,0.0,,3.0,,0.0,,3.0,,0.0,,3.0,,0.0,,3.0,,0.0,,3.0,,0.0,,3.0,,0.0,,3.0,,0.0,,3.0,,0.0,,3.0,,0.0,,3.0,,0.0,,3.0,,0.0,,3.0,,0.0,,3.0,,0.0,,3.0,,0.0,,3.0,,0.0,,3.0,,0.0,,3.0,,0.0,,3.0,,0.0,,3.0,,0.0,,3.0,,0.0,,3.0,,0.0,,3.0,,0.0,,3.0,,1.0,0.0,4.0,,1.0,0.0,4.0,,0.0,0.0,4.0,,0.0,0.0,4.0,,0.0,0.0,4.0,,0.0,0.0,4.0,,1.0,0.0,5.0,,1.0,0.0,5.0,,1.0,0.0,5.0,,1.0,0.0,5.0,,1.0,0.0,5.0,,1.0,0.0,5.0,,1.0,0.0,5.0,,1.0,0.0,5.0,,1.0,0.0,5.0,,1.0,0.0,5.0,,0.0,0.0,5.0,,0.0,0.0,5.0,,0.0,0.0,5.0,,0.0,0.0,5.0,,0.0,0.0,5.0,,0.0,0.0,5.0,,0.0,0.0,5.0,,0.0,0.0,5.0,,0.0,0.0,5.0,
Immigration Centers of America - Farmville,,,,,,,,,,,,,,,,,,,,,,,,,,,,,,,,,,,,,,,,,,,,,,,,,,,,,,,,,,,,,,,,,,,,,,,,,,2.0,,,2.0,,,2.0,,,2.0,,,2.0,,,2.0,,,2.0,,,2.0,,,2.0,,,2.0,,,2.0,,,2.0,,,2.0,,,2.0,,,2.0,,,2.0,,,2.0,,,2.0,,2.0,0.0,2.0,,2.0,,2.0,,2.0,,2.0,,2.0,,2.0,,3.0,,3.0,,3.0,,3.0,,3.0,,3.0,,3.0,,3.0,,3.0,,3.0,,11.0,,11.0,,26.0,,26.0,,32.0,,32.0,,33.0,,33.0,,41.0,,41.0,,47.0,,48.0,,47.0,,48.0,,49.0,,50.0,,49.0,,50.0,,50.0,,51.0,,48.0,,51.0,,49.0,,53.0,,102.0,,106.0,,102.0,,106.0,,102.0,,106.0,,102.0,,106.0,,102.0,,106.0,,268.0,,315.0,,268.0,,315.0,,268.0,,315.0,,268.0,,315.0,,268.0,,315.0,,268.0,,315.0,,268.0,0.0,315.0,,261.0,289.0,315.0,,261.0,0.0,289.0,,262.0,0.0,290.0,,262.0,0.0,290.0,,262.0,0.0,290.0,,225.0,0.0,290.0,,225.0,0.0,290.0,,225.0,0.0,290.0,,225.0,0.0,290.0,,259.0,1.0,339.0,,259.0,1.0,339.0,,259.0,1.0,339.0,,259.0,1.0,339.0,,259.0,1.0,339.0,,250.0,1.0,339.0,,250.0,1.0,339.0,,247.0,1.0,339.0,,247.0,1.0,339.0,,2.0,1.0,339.0,,2.0,1.0,339.0,,2.0,1.0,339.0,,2.0,1.0,339.0,,2.0,1.0,339.0,,2.0,1.0,339.0,
"Local Hospital (Miami, Fl.)",,,,,,,,,,,,,,,,,,,,1.0,,,1.0,,,1.0,,,,,,1.0,,,,,,1.0,,,1.0,,,,,,,,,,,,,,,,,,,,,,,,,,,,,,,,,,,,,,,,,,,,,,,,,,,,,,,,,,,,,,,,,,,,,,,,,,,,,,,,,,,,,,,,,,,,,,,,,,,,,,,,,,,,,,,,,,,,,,,,,,,,,,,,,,,,,,,,,,,,,,,,,,,,,,,,,,,,,,,,,,,,,,,,,,,,,,,,,,,,,,,,,,,,,,,,,,,,,,,,,,,,,,,,,,,,,,,,,,,,,,,,,,,,,,,,,,,,,,,,,,,,,,,,,,,,,,,,,,,,,,,,,,,,,,,,,,,,,,,,,,,,,,,,,,,,,,,,,,,,,,,,,,,,,,,,,
Strafford County Corrections,,,,,,,,,,,,,,,,,,,,,,,,,,,,,,,,,,,,,,,,,,,,,,,,,,,,,,,,,,,,,,,,,,,,,,,,,,,,,,,,,,,,,,,,,,,,,,,,,,,,,,,,,,,1.0,,,1.0,,,2.0,,,2.0,,,2.0,,,2.0,,,2.0,,2.0,0.0,2.0,,2.0,,2.0,,2.0,,2.0,,2.0,,2.0,,2.0,,2.0,,2.0,,2.0,,2.0,,2.0,,2.0,,2.0,,2.0,,2.0,,2.0,,2.0,,2.0,,2.0,,2.0,,2.0,,2.0,,2.0,,2.0,,2.0,,2.0,,2.0,,2.0,,2.0,,2.0,,2.0,,2.0,,2.0,,2.0,,2.0,,2.0,,2.0,,2.0,,2.0,,2.0,,2.0,,2.0,,2.0,,2.0,,2.0,,2.0,,2.0,,2.0,,2.0,,2.0,,2.0,,2.0,,2.0,,2.0,,2.0,,2.0,,2.0,,2.0,,2.0,,2.0,,2.0,,2.0,0.0,2.0,,2.0,0.0,2.0,,2.0,0.0,2.0,,2.0,0.0,2.0,,2.0,0.0,2.0,,2.0,0.0,2.0,,2.0,0.0,2.0,,2.0,0.0,2.0,,2.0,0.0,2.0,,2.0,0.0,2.0,,2.0,0.0,2.0,,2.0,0.0,2.0,,2.0,0.0,2.0,,2.0,0.0,2.0,,2.0,0.0,2.0,,2.0,0.0,2.0,,2.0,0.0,2.0,,0.0,0.0,2.0,,0.0,0.0,2.0,,0.0,0.0,2.0,,0.0,0.0,2.0,,0.0,0.0,2.0,,0.0,0.0,2.0,,0.0,0.0,2.0,,0.0,0.0,2.0,
Aurora Contract Detention Facility,,,1.0,,,2.0,,,2.0,,,2.0,,,2.0,,,2.0,,,2.0,,,2.0,,,2.0,,,2.0,,,2.0,,,2.0,,,2.0,,,2.0,,,2.0,,,2.0,,,2.0,,,2.0,,,2.0,,,2.0,,,2.0,,,2.0,,,2.0,,,2.0,,,2.0,,,2.0,,,2.0,,,2.0,,,5.0,,,2.0,,,2.0,,,2.0,,,2.0,,,2.0,,,2.0,,,2.0,,,2.0,,2.0,2.0,,2.0,2.0,,2.0,2.0,,2.0,2.0,,5.0,2.0,4.0,0.0,5.0,1.0,7.0,,10.0,2.0,8.0,,11.0,2.0,9.0,,12.0,2.0,9.0,,12.0,2.0,9.0,,12.0,2.0,9.0,,12.0,2.0,9.0,,12.0,2.0,9.0,,12.0,2.0,9.0,,12.0,2.0,9.0,,12.0,2.0,9.0,,12.0,2.0,8.0,,13.0,2.0,8.0,,14.0,2.0,8.0,,42.0,2.0,10.0,,16.0,2.0,10.0,,16.0,2.0,10.0,,16.0,2.0,10.0,,16.0,2.0,10.0,,16.0,2.0,9.0,,16.0,2.0,10.0,,17.0,2.0,10.0,,17.0,2.0,10.0,,17.0,2.0,10.0,,17.0,2.0,10.0,,17.0,2.0,10.0,,17.0,2.0,10.0,,17.0,2.0,10.0,,17.0,2.0,10.0,,17.0,2.0,0.0,,17.0,2.0,0.0,,17.0,2.0,0.0,0.0,17.0,2.0,0.0,0.0,17.0,2.0,0.0,0.0,17.0,2.0,0.0,0.0,17.0,2.0,1.0,0.0,18.0,2.0,1.0,0.0,18.0,2.0,3.0,0.0,20.0,2.0,3.0,0.0,20.0,2.0,3.0,0.0,20.0,2.0,3.0,0.0,20.0,2.0,3.0,0.0,20.0,2.0,3.0,0.0,20.0,2.0,3.0,0.0,20.0,2.0,3.0,0.0,20.0,2.0,3.0,0.0,20.0,2.0,6.0,0.0,23.0,2.0,6.0,0.0,23.0,2.0,6.0,0.0,23.0,2.0,6.0,0.0,23.0,2.0,7.0,0.0,24.0,2.0,7.0,0.0,24.0,2.0,10.0,0.0,27.0,,10.0,0.0,27.0,,10.0,0.0,27.0,,10.0,0.0,27.0,
Allen Parish Detention Center,,,,,,,,,,,,,,,,,,,,,,,,,,,,,,,,,,,,,,,,,,,,,,,,,,,,,,,,,,,,,,,,,,,,,,,,,,,,,,,,,,,,,,,,,,,,,,,,,,,,,,,,,,,,,,,,,,,,,,,,,,,,,,,,,,,,,,,,,,,,,,,,,,,,,,,,,,,,,,,,,,,,,,,,,,,,,,,,,,,,,,,,,,,,,,,,,,,,,,,,,,,,,,,,,,,,,,,,,,,,,,,,,,,,,,,,,,,,,,,,,,,,,,,,,,,,,,,1.0,0.0,1.0,,1.0,0.0,1.0,,1.0,0.0,1.0,,1.0,0.0,1.0,,1.0,0.0,1.0,,1.0,0.0,1.0,,0.0,0.0,1.0,,0.0,0.0,1.0,,0.0,0.0,1.0,,0.0,0.0,1.0,,0.0,0.0,1.0,,0.0,0.0,1.0,,0.0,0.0,1.0,,0.0,0.0,1.0,,0.0,0.0,1.0,,9.0,0.0,10.0,,9.0,0.0,10.0,,9.0,0.0,10.0,,9.0,0.0,10.0,,9.0,0.0,10.0,,9.0,0.0,10.0,,9.0,0.0,10.0,,9.0,0.0,10.0,,9.0,0.0,10.0,,9.0,0.0,10.0,
Henderson Detention Center,,,,,,,,,,,,,,,,,,,,,,,,,,,,,,,,,,,,,,,,,,,,,,,,,,,,,,,,,,,,,,,,,,,,,,,,,,,,,,,,,,,,,,,,,,,,,,,,,,,,,,,,,,,,,,,,,,,,,,,,,,,,,,,,,,,,,,,,,,,,,,,,,,,,,,,,,,,,,,,,,,,,,,,,,,,,,,,,,,,,,,,,,,,,,,,,,,,,,,,,,,,,,,,,,,,,,,,,,,,,,,,,,,,,,,,,,,,,,,,,,,,,,,,,,,,,,,,1.0,0.0,1.0,,1.0,0.0,1.0,,1.0,0.0,1.0,,1.0,0.0,1.0,,1.0,0.0,1.0,,1.0,0.0,1.0,,2.0,0.0,2.0,,3.0,0.0,3.0,,4.0,0.0,4.0,,4.0,0.0,4.0,,4.0,0.0,4.0,,5.0,0.0,5.0,,5.0,0.0,5.0,,5.0,0.0,5.0,,5.0,0.0,5.0,,9.0,0.0,9.0,,9.0,0.0,9.0,,8.0,0.0,9.0,,8.0,0.0,9.0,,8.0,0.0,9.0,,8.0,0.0,9.0,,9.0,0.0,10.0,,9.0,0.0,10.0,,9.0,0.0,10.0,,9.0,0.0,10.0,
Rio Grande Detention Center,,,,,,,,,,,,,,,,,,,,,,,,,,,,,,,,,,,,,,,,,,,,,,,,,,,,,,,,,,,,,,,,,,,,,,,,,,,,,,,,,,,,,,,,,,,,,,,,,,,,,,,,,,,,,,,,,,,,,,,,,,,,,,,,,,,,,,,,,,,,,,,,,,,,,,,,,,,,,,,,,,,,,,,,,,,,,,,,,,,,,,,,,,,,,,,,,,,,,,,,,,,,,,,,,,,,,,,,,,,,,,,,,,,,,,,,,,,,,,,,,,,,,,,,,,,,,,,3.0,0.0,3.0,,4.0,0.0,4.0,,4.0,0.0,4.0,,4.0,0.0,4.0,,4.0,0.0,4.0,,4.0,0.0,4.0,,5.0,0.0,5.0,,5.0,0.0,5.0,,5.0,0.0,5.0,,5.0,0.0,5.0,,6.0,0.0,6.0,,114.0,0.0,114.0,,114.0,0.0,114.0,,114.0,0.0,114.0,,114.0,0.0,114.0,,156.0,0.0,156.0,,162.0,0.0,163.0,,158.0,0.0,163.0,,158.0,0.0,161.0,,158.0,0.0,161.0,,158.0,0.0,161.0,,158.0,0.0,161.0,,158.0,0.0,161.0,,2.0,0.0,161.0,,2.0,0.0,161.0,
South Texas Family Residential Center (Dilley),,,,,,,,,,,,,,,,,,,,,,,,,,,,,,,,,,,,,,,,,,,,,,,,,,,,,,,,,,,,,,,,,,,,,,,,,,,,,,,,,,,,,,,,,,,,,,,,,,,,,,,,,,,,,,,,,,,,,,,,,,,,,,,,,,,,,,,,,,,,,,,,,,,,,,,,,,,,,,,,,,,,,,,,,,,,,,,,,,,,,,,,,,,,,,,,,,,,,,,,,,,,,,,,,,,,,,,,,,,,,,,,,,,,,,,,,,,,,,,,,,,,,,,,,,,,,,,1.0,0.0,1.0,,1.0,0.0,1.0,,1.0,0.0,1.0,,1.0,0.0,1.0,,1.0,0.0,1.0,,1.0,0.0,1.0,,2.0,0.0,2.0,,3.0,0.0,3.0,,3.0,0.0,3.0,,3.0,0.0,3.0,,2.0,0.0,3.0,,2.0,0.0,3.0,,2.0,0.0,3.0,,2.0,0.0,3.0,,2.0,0.0,3.0,,2.0,0.0,3.0,,2.0,0.0,3.0,,0.0,0.0,3.0,,1.0,0.0,4.0,,1.0,0.0,4.0,,1.0,0.0,4.0,,1.0,0.0,4.0,,1.0,0.0,4.0,,1.0,0.0,4.0,,1.0,0.0,4.0,
Freeborn County Adult Detention Center,,,,,,,,,,,,,,,,,,,,,,,,,,,,,,,,,,,,,,,,,,,,,,,,,,,,,,,,,,,,,,,,,,,,,,,,,,,,,,,,,,,,,,,,,,,,,,,,,,,,,,,,,,,,,,,,,,,,,,,,,,,,,,,,,,,,,,,,,,,,,,,,,,,,,,,,,,,,,,,,,,,,,,,,,,,,,,,,,,,,,,,,,,,,,,,,,,,,,,,,,,,,,,,,,,,,,,,,,,,,,,,,,,,,,,,,,,,,,,,,,,,,,,,,,,,,,,,1.0,0.0,1.0,,2.0,0.0,2.0,,2.0,0.0,2.0,,2.0,0.0,2.0,,2.0,0.0,2.0,,2.0,0.0,2.0,,0.0,0.0,2.0,,0.0,0.0,2.0,,0.0,0.0,2.0,,0.0,0.0,2.0,,0.0,0.0,2.0,,0.0,0.0,2.0,,0.0,0.0,2.0,,0.0,0.0,2.0,,0.0,0.0,2.0,,0.0,0.0,2.0,,0.0,0.0,2.0,,0.0,0.0,2.0,,0.0,0.0,2.0,,0.0,0.0,2.0,,0.0,0.0,2.0,,0.0,0.0,2.0,,0.0,0.0,2.0,,0.0,0.0,2.0,,0.0,0.0,2.0,
Linn County Jail,,,,,,,,,,,,,,,,,,,,,,,,,,,,,,,,,,,,,,,,,,,,,,,,,,,,,,,,,,,,,,,,,,,,,,,,,,,,,,,,,,,,,,,,,,,,,,,,,,,,,,,,,,,,,,,,,,,,,,,,,,,,,,,,,,,,,,,,,,,,,,,,,,,,,,,,,,,,,,,,,,,,,,,,,,,,,,,,,,,,,,,,,,,,,,,,,,,,,,,,,,,,,,,,,,,,,,,,,,,,,,,,,,,,,,,,,,,,,,,,,,,,,,,,,,,,,,,,,,,1.0,0.0,1.0,,2.0,0.0,2.0,,2.0,0.0,2.0,,2.0,0.0,2.0,,2.0,0.0,2.0,,2.0,0.0,2.0,,2.0,0.0,2.0,,2.0,0.0,2.0,,1.0,0.0,2.0,,1.0,0.0,2.0,,1.0,0.0,2.0,,1.0,0.0,2.0,,1.0,0.0,2.0,,1.0,0.0,2.0,,1.0,0.0,2.0,,1.0,0.0,2.0,,0.0,0.0,2.0,,0.0,0.0,2.0,,0.0,0.0,2.0,,0.0,0.0,2.0,,0.0,0.0,2.0,,0.0,0.0,2.0,,0.0,0.0,2.0,,0.0,0.0,2.0,
Sheriff Al Cannon Detention Center,,,,,,,,,,,,,,,,,,,,,,,,,,,,,,,,,,,,,,,,,,,,,,,,,,,,,,,,,,,,,,,,,,,,,,,,,,,,,,,,,,,,,,,,,,,,,,,,,,,,,,,,,,,,,,,,,,,,,,,,,,,,,,,,,,,,,,,,,,,,,,,,,,,,,,,,,,,,,,,,,,,,,,,,,,,,,,,,,,,,,,,,,,,,,,,,,,,,,,,,,,,,,,,,,,,,,,,,,,,,,,,,,,,,,,,,,,,,,,,,,,,,,,,,,,,,,,,,,,,,,,,1.0,0.0,1.0,,1.0,0.0,1.0,,1.0,0.0,1.0,,1.0,0.0,1.0,,0.0,0.0,1.0,,0.0,0.0,1.0,,0.0,0.0,1.0,,0.0,0.0,1.0,,0.0,0.0,1.0,,0.0,0.0,1.0,,0.0,0.0,1.0,,0.0,0.0,1.0,,0.0,0.0,1.0,,0.0,0.0,1.0,,0.0,0.0,1.0,,0.0,0.0,1.0,,0.0,0.0,1.0,,0.0,0.0,1.0,,0.0,0.0,1.0,,0.0,0.0,1.0,,0.0,0.0,1.0,,0.0,0.0,1.0,,0.0,0.0,1.0,
McHenry County Adult Correctional Facility,,,,,,,,,,,,,,,,,,,,,,,,,,,,,,,,,,,,,,,,,,,,,,,,,,,,,,,,,,,,,,,,,,,,,,,,,,,,,,,,,,,,,,,,,,,,,,,,,,,,,,,,,,,,,,,,,,,,,,,,,,,,,,,,,,,,,,,,,,,,,,,,,,,,,,,,,,,,,,,,,,,,,,,,,,,,,,,,,,,,,,,,,,,,,,,,,,,,,,,,,,,,,,,,,,,,,,,,,,,,,,,,,,,,,,,,,,,,,,,,,,,,,,,,,,,,,,,,,,,,,,,1.0,0.0,1.0,,1.0,0.0,1.0,,1.0,0.0,1.0,,1.0,0.0,1.0,,2.0,0.0,3.0,,2.0,0.0,3.0,,2.0,0.0,3.0,,2.0,0.0,3.0,,2.0,0.0,3.0,,3.0,0.0,4.0,,3.0,0.0,4.0,,3.0,0.0,4.0,,3.0,0.0,4.0,,3.0,0.0,4.0,,3.0,0.0,4.0,,3.0,0.0,4.0,,3.0,0.0,4.0,,3.0,0.0,4.0,,3.0,0.0,4.0,,3.0,0.0,4.0,,3.0,0.0,4.0,,3.0,0.0,4.0,,4.0,0.0,5.0,
Limestone County Detention Center,,,,,,,,,,,,,,,,,,,,,,,,,,,,,,,,,,,,,,,,,,,,,,,,,,,,,,,,,,,,,,,,,,,,,,,,,,,,,,,,,,,,,,,,,,,,,,,,,,,,,,,,,,,,,,,,,,,,,,,,,,,,,,,,,,,,,,,,,,,,,,,,,,,,,,,,,,,,,,,,,,,,,,,,,,,,,,,,,,,,,,,,,,,,,,,,,,,,,,,,,,,,,,,,,,,,,,,,,,,,,,,,,,,,,,,,,,,,,,,,,,,,,,,,,,,,,,,,,,,,,,,,,,,,,,,,,,,,,,,3.0,0.0,3.0,,3.0,0.0,3.0,,3.0,0.0,3.0,,3.0,0.0,3.0,,4.0,0.0,4.0,,4.0,0.0,4.0,,4.0,0.0,4.0,,4.0,0.0,4.0,,4.0,0.0,4.0,,5.0,0.0,5.0,,21.0,0.0,21.0,,21.0,0.0,21.0,,22.0,0.0,22.0,,22.0,0.0,22.0,,22.0,0.0,22.0,,44.0,0.0,44.0,,44.0,0.0,44.0,,44.0,0.0,44.0,,46.0,0.0,46.0,
Kay County Detention Center,,,,,,,,,,,,,,,,,,,,,,,,,,,,,,,,,,,,,,,,,,,,,,,,,,,,,,,,,,,,,,,,,,,,,,,,,,,,,,,,,,,,,,,,,,,,,,,,,,,,,,,,,,,,,,,,,,,,,,,,,,,,,,,,,,,,,,,,,,,,,,,,,,,,,,,,,,,,,,,,,,,,,,,,,,,,,,,,,,,,,,,,,,,,,,,,,,,,,,,,,,,,,,,,,,,,,,,,,,,,,,,,,,,,,,,,,,,,,,,,,,,,,,,,,,,,,,,,,,,,,,,,,,,,,,,,,,,,,,,,,,,1.0,0.0,1.0,,1.0,0.0,1.0,,1.0,0.0,1.0,,0.0,0.0,1.0,,0.0,0.0,1.0,,0.0,0.0,1.0,,0.0,0.0,1.0,,0.0,0.0,1.0,,0.0,0.0,1.0,,0.0,0.0,1.0,,0.0,0.0,1.0,,0.0,0.0,1.0,,0.0,0.0,1.0,,0.0,0.0,1.0,,0.0,0.0,1.0,,0.0,0.0,1.0,,0.0,0.0,1.0,,0.0,0.0,1.0,
Chase County Detention Facility,,,,,,,,,,,,,,,,,,,,,,,,,,,,,,,,,,,,,,,,,,,,,,,,,,,,,,,,,,,,,,,,,,,,,,,,,,,,,,,,,,,,,,,,,,,,,,,,,,,,,,,,,,,,,,,,,,,,,,,,,,,,,,,,,,,,,,,,,,,,,,,,,,,,,,,,,,,,,,,,,,,,,,,,,,,,,,,,,,,,,,,,,,,,,,,,,,,,,,,,,,,,,,,,,,,,,,,,,,,,,,,,,,,,,,,,,,,,,,,,,,,,,,,,,,,,,,,,,,,,,,,,,,,,,,,,,,,,,,,,,,,,,,,4.0,0.0,1.0,,27.0,0.0,27.0,,27.0,0.0,27.0,,27.0,0.0,27.0,,27.0,0.0,27.0,,27.0,0.0,27.0,,27.0,0.0,27.0,,32.0,0.0,32.0,,39.0,0.0,39.0,,37.0,0.0,39.0,,37.0,0.0,39.0,,37.0,0.0,39.0,,37.0,0.0,39.0,,38.0,0.0,40.0,,43.0,0.0,45.0,,43.0,0.0,45.0,,46.0,0.0,48.0,
Cibola County Correctional Center,,,,,,,,,,,,,,,,,,,,,,,,,,,,,,,,,,,,,,,,,,,,,,,,,,,,,,,,,,,,,,,,,,,,,,,,,,,,,,,,,,,,,,,,,,,,,,,,,,,,,,,,,,,,,,,,,,,,,,,,,,,,,,,,,,,,,,,,,,,,,,,,,,,,,,,,,,,,,,,,,,,,,,,,,,,,,,,,,,,,,,,,,,,,,,,,,,,,,,,,,,,,,,,,,,,,,,,,,,,,,,,,,,,,,,,,,,,,,,,,,,,,,,,,,,,,,,,,,,,,,,,,,,,,,,,,,,,,,,,,,,,,,,,1.0,0.0,1.0,,1.0,0.0,1.0,,1.0,0.0,1.0,,1.0,0.0,1.0,,1.0,0.0,1.0,,1.0,0.0,1.0,,1.0,0.0,1.0,,0.0,0.0,1.0,,0.0,0.0,1.0,,0.0,0.0,1.0,,0.0,0.0,1.0,,0.0,0.0,1.0,,0.0,0.0,1.0,,0.0,0.0,1.0,,0.0,0.0,1.0,,0.0,0.0,1.0,,0.0,0.0,1.0,
Larkin Behavioral Health Center,,,,,,,,,,,,,,,,,,,,,,,,,,,,,,,,,,,,,,,,,,,,,,,,,,,,,,,,,,,,,,,,,,,,,,,,,,,,,,,,,,,,,,,,,,,,,,,,,,,,,,,,,,,,,,,,,,,,,,,,,,,,,,,,,,,,,,,,,,,,,,,,,,,,,,,,,,,,,,,,,,,,,,,,,,,,,,,,,,,,,,,,,,,,,,,,,,,,,,,,,,,,,,,,,,,,,,,,,,,,,,,,,,,,,,,,,,,,,,,,,,,,,,,,,,,,,,,,,,,,,,,,,,,,,,,,,,,,,,,,,,,,,,,,,,,,,,,,,,,,,,,2.0,0.0,2.0,,2.0,0.0,2.0,,2.0,0.0,2.0,,2.0,0.0,2.0,,2.0,0.0,2.0,,2.0,0.0,2.0,,2.0,0.0,2.0,,2.0,0.0,2.0,,2.0,0.0,2.0,,2.0,0.0,2.0,,2.0,0.0,2.0,,2.0,0.0,2.0,,2.0,0.0,2.0,
San Juan Staging Facility,,,,,,,,,,,,,,,,,,,,,,,,,,,,,,,,,,,,,,,,,,,,,,,,,,,,,,,,,,,,,,,,,,,,,,,,,,,,,,,,,,,,,,,,,,,,,,,,,,,,,,,,,,,,,,,,,,,,,,,,,,,,,,,,,,,,,,,,,,,,,,,,,,,,,,,,,,,,,,,,,,,,,,,,,,,,,,,,,,,,,,,,,,,,,,,,,,,,,,,,,,,,,,,,,,,,,,,,,,,,,,,,,,,,,,,,,,,,,,,,,,,,,,,,,,,,,,,,,,,,,,,,,,,,,,,,,,,,,,,,,,,,,,,,,,,,,,,,,,,,,,,,,,,1.0,0.0,1.0,,1.0,0.0,1.0,,0.0,0.0,1.0,,0.0,0.0,1.0,,0.0,0.0,1.0,,0.0,0.0,1.0,,0.0,0.0,1.0,,0.0,0.0,1.0,,0.0,0.0,1.0,,0.0,0.0,1.0,,0.0,0.0,1.0,,0.0,0.0,1.0,
Phelps County Jail,,,,,,,,,,,,,,,,,,,,,,,,,,,,,,,,,,,,,,,,,,,,,,,,,,,,,,,,,,,,,,,,,,,,,,,,,,,,,,,,,,,,,,,,,,,,,,,,,,,,,,,,,,,,,,,,,,,,,,,,,,,,,,,,,,,,,,,,,,,,,,,,,,,,,,,,,,,,,,,,,,,,,,,,,,,,,,,,,,,,,,,,,,,,,,,,,,,,,,,,,,,,,,,,,,,,,,,,,,,,,,,,,,,,,,,,,,,,,,,,,,,,,,,,,,,,,,,,,,,,,,,,,,,,,,,,,,,,,,,,,,,,,,,,,,,,,,,,,,,,,,,,,,,0.0,0.0,1.0,,0.0,0.0,1.0,,0.0,0.0,1.0,,0.0,0.0,1.0,,0.0,0.0,1.0,,1.0,0.0,2.0,,1.0,0.0,2.0,,1.0,0.0,2.0,,1.0,0.0,2.0,,1.0,0.0,2.0,,1.0,0.0,2.0,,0.0,0.0,2.0,
Robert A. Deyton Detention Center,,,,,,,,,,,,,,,,,,,,,,,,,,,,,,,,,,,,,,,,,,,,,,,,,,,,,,,,,,,,,,,,,,,,,,,,,,,,,,,,,,,,,,,,,,,,,,,,,,,,,,,,,,,,,,,,,,,,,,,,,,,,,,,,,,,,,,,,,,,,,,,,,,,,,,,,,,,,,,,,,,,,,,,,,,,,,,,,,,,,,,,,,,,,,,,,,,,,,,,,,,,,,,,,,,,,,,,,,,,,,,,,,,,,,,,,,,,,,,,,,,,,,,,,,,,,,,,,,,,,,,,,,,,,,,,,,,,,,,,,,,,,,,,,,,,,,,,,,,,,,,,,,,,,,,,,,,,,,,,1.0,0.0,,,0.0,0.0,1.0,,0.0,0.0,1.0,,0.0,0.0,1.0,,0.0,0.0,1.0,,0.0,0.0,1.0,,0.0,0.0,1.0,,0.0,0.0,1.0,,0.0,0.0,1.0,
Coastal Bend Detention Center,,,,,,,,,,,,,,,,,,,,,,,,,,,,,,,,,,,,,,,,,,,,,,,,,,,,,,,,,,,,,,,,,,,,,,,,,,,,,,,,,,,,,,,,,,,,,,,,,,,,,,,,,,,,,,,,,,,,,,,,,,,,,,,,,,,,,,,,,,,,,,,,,,,,,,,,,,,,,,,,,,,,,,,,,,,,,,,,,,,,,,,,,,,,,,,,,,,,,,,,,,,,,,,,,,,,,,,,,,,,,,,,,,,,,,,,,,,,,,,,,,,,,,,,,,,,,,,,,,,,,,,,,,,,,,,,,,,,,,,,,,,,,,,,,,,,,,,,,,,,,,,,,,,,,,,,,,,,,,,,,,,,,,,,,,,,,,,,,,,3.0,0.0,3.0,,3.0,0.0,3.0,,3.0,0.0,3.0,,4.0,0.0,4.0,
Aurora Contract Detention Facility,,,,,,,,,,,,,,,,,,,,,,,,,,,,,,,,,,,,,,,,,,,,,,,,,,,,,,,,,,,,,,,,,,,,,,,,,,,,,,,,,,,,,,,,,,,,,,,,,,,,,,,,,,,,,,,,,,,,,,,,,,,,,,,,,,,,,,,,,,,,,,,,,,,,,,,,,,,,,,,,,,,,,,,,,,,,,,,,,,,,,,,,,,,,,,,,,,,,,,,,,,,,,,,,,,,,,,,,,,,,,,,,,,,,,,,,,,,,,,,,,,,,,,,,,,,,,,,,,,,,,,,,,,,,,,,,,,,,,,,,,,,,,,,,,,,,,,,,,,,,,,,,,,,,,,,,,,,,,,,,,,,,,,,,,,,,,,,,,,,,,,2.0,,,,2.0,,,,2.0,,,,2.0
